This is LuaHBTeX, Version 1.24.0 (TeX Live 2026)  (format=lualatex 2026.4.12)  31 JUL 2026 18:14
 restricted system commands enabled.
 file:line:error style messages enabled.
**/Users/philipsimon/thesis/student_thesis.tex
(/Users/philipsimon/thesis/student_thesis.tex
LaTeX2e <2025-11-01>
L3 programming layer <2026-01-19>
Lua module: luaotfload 2024-12-03 v3.29 Lua based OpenType font support
Lua module: lualibs 2023-07-13 v2.76 ConTeXt Lua standard libraries.
Lua module: lualibs-extended 2023-07-13 v2.76 ConTeXt Lua libraries -- extended collection.
luaotfload | conf : Root cache directory is "/Users/philipsimon/Library/texlive/2026/texmf-var/luatex-cache/generic/names".
luaotfload | init : Loading fontloader "fontloader-2023-12-28.lua" from kpse-resolved path "/usr/local/texlive/2026/texmf-dist/tex/luatex/luaotfload/fontloader-2023-12-28.lua".
Lua-only attribute luaotfload@noligature = 1
luaotfload | init : Context OpenType loader version 3.134
Inserting `luaotfload.node_processor' in `pre_linebreak_filter'.
Inserting `luaotfload.node_processor' in `hpack_filter'.
Inserting `luaotfload.glyph_stream' in `glyph_stream_provider'.
Inserting `luaotfload.define_font' in `define_font'.
Lua-only attribute luaotfload_color_attribute = 2
luaotfload | conf : Root cache directory is "/Users/philipsimon/Library/texlive/2026/texmf-var/luatex-cache/generic/names".
Inserting `luaotfload.harf.strip_prefix' in `find_opentype_file'.
Inserting `luaotfload.harf.strip_prefix' in `find_truetype_file'.
Removing  `luaotfload.glyph_stream' from `glyph_stream_provider'.
Inserting `luaotfload.harf.glyphstream' in `glyph_stream_provider'.
Inserting `luaotfload.harf.finalize_vlist' in `post_linebreak_filter'.
Inserting `luaotfload.harf.finalize_hlist' in `hpack_filter'.
Inserting `luaotfload.cleanup_files' in `wrapup_run'.
Inserting `luaotfload.harf.finalize_unicode' in `finish_pdffile'.
Inserting `luaotfload.glyphinfo' in `glyph_info'.
Lua-only attribute luaotfload.letterspace_done = 3
Inserting `luaotfload.aux.set_sscale_dimens' in `luaotfload.patch_font'.
Inserting `luaotfload.aux.set_font_index' in `luaotfload.patch_font'.
Inserting `luaotfload.aux.patch_cambria_domh' in `luaotfload.patch_font'.
Inserting `luaotfload.aux.fixup_fontdata' in `luaotfload.patch_font_unsafe'.
Inserting `luaotfload.aux.set_capheight' in `luaotfload.patch_font'.
Inserting `luaotfload.aux.set_xheight' in `luaotfload.patch_font'.
Inserting `luaotfload.rewrite_fontname' in `luaotfload.patch_font'.
Inserting `tracingstacklevels' in `input_level_string'. (/usr/local/texlive/2026/texmf-dist/tex/latex/tuda-ci/tudapub.cls
Document Class: tudapub 2025-11-13 v4.05 Publications using TU Darmstadt's Corporate Design (TUDa-CI)
(/usr/local/texlive/2026/texmf-dist/tex/latex/urcls/URspecialopts.sty (/usr/local/texlive/2026/texmf-dist/tex/latex/l3kernel/expl3.sty
Package: expl3 2026-01-19 L3 programming layer (loader) 
 (/usr/local/texlive/2026/texmf-dist/tex/latex/l3backend/l3backend-luatex.def
File: l3backend-luatex.def 2025-10-09 L3 backend support: PDF output (LuaTeX)
\l__color_backend_stack_int=\count273
Inserting `l3color' in `luaotfload.parse_color'.))
Package: URspecialopts 2019/01/22 v2.1 Implementation of keyval-options accepting multiple values as grouped clists
 (/usr/local/texlive/2026/texmf-dist/tex/latex/l3packages/l3keys2e/l3keys2e.sty
Package: l3keys2e 2025-10-09 LaTeX2e option processing using LaTeX3 keys
) (/usr/local/texlive/2026/texmf-dist/tex/latex/l3packages/xparse/xparse.sty
Package: xparse 2025-10-09 L3 Experimental document command parser
))
\g_ptxcd_ruledheaders_int=\count274
\g_ptxcd_paper_int=\count275
 (/usr/local/texlive/2026/texmf-dist/tex/latex/koma-script/scrreprt.cls
Document Class: scrreprt 2026/02/02 v3.49.2 KOMA-Script document class (report)
(/usr/local/texlive/2026/texmf-dist/tex/latex/koma-script/scrkbase.sty
Package: scrkbase 2026/02/02 v3.49.2 KOMA-Script package (KOMA-Script-dependent basics and keyval usage)
 (/usr/local/texlive/2026/texmf-dist/tex/latex/koma-script/scrbase.sty
Package: scrbase 2026/02/02 v3.49.2 KOMA-Script package (KOMA-Script-independent basics and keyval usage)
 (/usr/local/texlive/2026/texmf-dist/tex/latex/koma-script/scrlfile.sty
Package: scrlfile 2026/02/02 v3.49.2 KOMA-Script package (file load hooks)
 (/usr/local/texlive/2026/texmf-dist/tex/latex/koma-script/scrlfile-hook.sty
Package: scrlfile-hook 2026/02/02 v3.49.2 KOMA-Script package (using LaTeX hooks)
 (/usr/local/texlive/2026/texmf-dist/tex/latex/koma-script/scrlogo.sty
Package: scrlogo 2026/02/02 v3.49.2 KOMA-Script package (logo)
))) (/usr/local/texlive/2026/texmf-dist/tex/latex/graphics/keyval.sty
Package: keyval 2022/05/29 v1.15 key=value parser (DPC)
\KV@toks@=\toks17
)
Applying: [2021/05/01] Usage of raw or classic option list on input line 254.
Already applied: [0000/00/00] Usage of raw or classic option list on input line 370.
)) (/usr/local/texlive/2026/texmf-dist/tex/latex/koma-script/tocbasic.sty
Package: tocbasic 2026/02/02 v3.49.2 KOMA-Script package (handling toc-files)
\scr@dte@tocline@numberwidth=\skip49
\scr@dte@tocline@numbox=\box53
)
Package tocbasic Info: omitting babel extension for `toc'
(tocbasic)             because of feature `nobabel' available
(tocbasic)             for `toc' on input line 143.
Class scrreprt Info: File `scrsize11pt.clo' used to setup font sizes on input line 2710.
 (/usr/local/texlive/2026/texmf-dist/tex/latex/koma-script/scrsize11pt.clo
File: scrsize11pt.clo 2026/02/02 v3.49.2 KOMA-Script font size class option (11pt)
luaotfload | db : Font names database loaded from /Users/philipsimon/Library/texlive/2026/texmf-var/luatex-cache/generic/names/luaotfload-names.luc.gz) (/usr/local/texlive/2026/texmf-dist/tex/latex/koma-script/typearea.sty
Package: typearea 2026/02/02 v3.49.2 KOMA-Script package (type area)
\ta@bcor=\skip50
\ta@div=\count276
\ta@hblk=\skip51
\ta@vblk=\skip52
\ta@temp=\skip53
\footheight=\skip54
Package typearea Info: These are the values describing the layout:
(typearea)             DIV  = 10
(typearea)             BCOR = 0.0pt
(typearea)             \paperwidth      = 597.50793pt
(typearea)              \textwidth      = 418.25555pt
(typearea)              DIV departure   = -6%
(typearea)              \evensidemargin = 17.3562pt
(typearea)              \oddsidemargin  = 17.3562pt
(typearea)             \paperheight     = 845.04694pt
(typearea)              \textheight     = 595.80026pt
(typearea)              \topmargin      = -25.16531pt
(typearea)              \headheight     = 17.0pt
(typearea)              \headsep        = 20.40001pt
(typearea)              \topskip        = 11.0pt
(typearea)              \footskip       = 47.6pt
(typearea)              \baselineskip   = 13.6pt
(typearea)              on input line 1810.
)
\c_scrreprt_cmdhook_cctab=\catcodetable14
\c@part=\count277
\c@chapter=\count278
\c@section=\count279
\c@subsection=\count280
\c@subsubsection=\count281
\c@paragraph=\count282
\c@subparagraph=\count283
\scr@dte@chapter@maxnumwidth=\skip55
Class scrreprt Info: using compatibility default `afterindent=bysign'
(scrreprt)           for `\chapter on input line 5934.
\scr@dte@section@maxnumwidth=\skip56
Class scrreprt Info: using compatibility default `runin=bysign'
(scrreprt)           for `\section on input line 5945.
Class scrreprt Info: using compatibility default `afterindent=bysign'
(scrreprt)           for `\section on input line 5945.
\scr@dte@part@maxnumwidth=\skip57
Class scrreprt Info: using compatibility default `afterindent=true'
(scrreprt)           for `\part on input line 5954.
\scr@dte@subsection@maxnumwidth=\skip58
Class scrreprt Info: using compatibility default `runin=bysign'
(scrreprt)           for `\subsection on input line 5964.
Class scrreprt Info: using compatibility default `afterindent=bysign'
(scrreprt)           for `\subsection on input line 5964.
\scr@dte@subsubsection@maxnumwidth=\skip59
Class scrreprt Info: using compatibility default `runin=bysign'
(scrreprt)           for `\subsubsection on input line 5974.
Class scrreprt Info: using compatibility default `afterindent=bysign'
(scrreprt)           for `\subsubsection on input line 5974.
\scr@dte@paragraph@maxnumwidth=\skip60
Class scrreprt Info: using compatibility default `runin=bysign'
(scrreprt)           for `\paragraph on input line 5985.
Class scrreprt Info: using compatibility default `afterindent=bysign'
(scrreprt)           for `\paragraph on input line 5985.
\scr@dte@subparagraph@maxnumwidth=\skip61
Class scrreprt Info: using compatibility default `runin=bysign'
(scrreprt)           for `\subparagraph on input line 5995.
Class scrreprt Info: using compatibility default `afterindent=bysign'
(scrreprt)           for `\subparagraph on input line 5995.
\abovecaptionskip=\skip62
\belowcaptionskip=\skip63
\c@pti@nb@sid@b@x=\box54
Package tocbasic Info: omitting babel extension for `lof'
(tocbasic)             because of feature `nobabel' available
(tocbasic)             for `lof' on input line 7225.
\scr@dte@figure@maxnumwidth=\skip64
\c@figure=\count284
Package tocbasic Info: omitting babel extension for `lot'
(tocbasic)             because of feature `nobabel' available
(tocbasic)             for `lot' on input line 7238.
\scr@dte@table@maxnumwidth=\skip65
\c@table=\count285
Class scrreprt Info: Redefining `\numberline' on input line 7409.
\bibindent=\dimen147
) (/usr/local/texlive/2026/texmf-dist/tex/latex/tuda-ci/tudafonts.sty
Package: tudafonts 2025-11-13 4.05 font setup for TUDa-CI, TU Darmstadt's Corporate Design
 (/usr/local/texlive/2026/texmf-dist/tex/generic/iftex/iftex.sty
Package: iftex 2024/12/12 v1.0g TeX engine tests
) (/usr/local/texlive/2026/texmf-dist/tex/latex/anyfontsize/anyfontsize.sty
Package: anyfontsize 2007/11/22 anyfontsize.sty by pts
) (/usr/local/texlive/2026/texmf-dist/tex/latex/fontspec/fontspec.sty
Package: fontspec 2025/09/29 v2.9g Font selection for XeLaTeX and LuaLaTeX
Lua module: fontspec 2025/09/29 v2.9g Font selection for XeLaTeX and LuaLaTeX (/usr/local/texlive/2026/texmf-dist/tex/latex/fontspec/fontspec-luatex.sty
Package: fontspec-luatex 2025/09/29 v2.9g Font selection for XeLaTeX and LuaLaTeX
\l__fontspec_script_int=\count286
\l__fontspec_language_int=\count287
\l__fontspec_strnum_int=\count288
\l__fontspec_tmp_int=\count289
\l__fontspec_tmpa_int=\count290
\l__fontspec_tmpb_int=\count291
\l__fontspec_tmpc_int=\count292
\l__fontspec_em_int=\count293
\l__fontspec_emdef_int=\count294
\l__fontspec_strong_int=\count295
\l__fontspec_strongdef_int=\count296
\l__fontspec_tmpa_dim=\dimen148
\l__fontspec_tmpb_dim=\dimen149
\l__fontspec_tmpc_dim=\dimen150
 (/usr/local/texlive/2026/texmf-dist/tex/latex/base/fontenc.sty
Package: fontenc 2025/07/18 v2.1d Standard LaTeX package
) (/usr/local/texlive/2026/texmf-dist/tex/latex/fontspec/fontspec.cfg))) (/usr/local/texlive/2026/texmf-dist/tex/latex/xcharter/XCharter.fontspec)

Package fontspec Info: 
(fontspec)             Font family 'XCharter(0)' created for font 'XCharter'
(fontspec)             with options [Ligatures=TeX,Extension =
(fontspec)             .otf,UprightFont = XCharter-Roman,BoldFont =
(fontspec)             XCharter-Bold,ItalicFont =
(fontspec)             XCharter-Italic,BoldItalicFont =
(fontspec)             XCharter-BoldItalic,SlantedFont =
(fontspec)             XCharter-Slanted,BoldSlantedFont =
(fontspec)             XCharter-BoldSlanted,SmallCapsFeatures =
(fontspec)             {Letters=SmallCaps}].
(fontspec)              
(fontspec)              This font family consists of the following NFSS
(fontspec)             series/shapes:
(fontspec)              
(fontspec)             - 'normal' (m/n) with NFSS spec.:
(fontspec)             <->"[XCharter-Roman.otf]:mode=node;script=latn;language=dflt;+tlig;"
(fontspec)             - 'small caps'  (m/sc) with NFSS spec.:
(fontspec)             <->"[XCharter-Roman.otf]:mode=node;script=latn;language=dflt;+tlig;+smcp;"
(fontspec)             - 'bold' (b/n) with NFSS spec.:
(fontspec)             <->"[XCharter-Bold.otf]:mode=node;script=latn;language=dflt;+tlig;"
(fontspec)             - 'bold small caps'  (b/sc) with NFSS spec.:
(fontspec)             <->"[XCharter-Bold.otf]:mode=node;script=latn;language=dflt;+tlig;+smcp;"
(fontspec)             - 'italic' (m/it) with NFSS spec.:
(fontspec)             <->"[XCharter-Italic.otf]:mode=node;script=latn;language=dflt;+tlig;"
(fontspec)             - 'italic small caps'  (m/scit) with NFSS spec.:
(fontspec)             <->"[XCharter-Italic.otf]:mode=node;script=latn;language=dflt;+tlig;+smcp;"
(fontspec)             - 'slanted' (m/sl) with NFSS spec.:
(fontspec)             <->"[XCharter-Slanted.otf]:mode=node;script=latn;language=dflt;+tlig;"
(fontspec)             - 'slanted small caps'  (m/scsl) with NFSS spec.:
(fontspec)             <->"[XCharter-Slanted.otf]:mode=node;script=latn;language=dflt;+tlig;+smcp;"
(fontspec)             - 'bold italic' (b/it) with NFSS spec.:
(fontspec)             <->"[XCharter-BoldItalic.otf]:mode=node;script=latn;language=dflt;+tlig;"
(fontspec)             - 'bold italic small caps'  (b/scit) with NFSS spec.:
(fontspec)             <->"[XCharter-BoldItalic.otf]:mode=node;script=latn;language=dflt;+tlig;+smcp;"
(fontspec)             - 'bold slanted' (b/sl) with NFSS spec.:
(fontspec)             <->"[XCharter-BoldSlanted.otf]:mode=node;script=latn;language=dflt;+tlig;"
(fontspec)             - 'bold slanted small caps'  (b/scsl) with NFSS spec.:
(fontspec)             <->"[XCharter-BoldSlanted.otf]:mode=node;script=latn;language=dflt;+tlig;+smcp;"

 (/usr/local/texlive/2026/texmf-dist/tex/latex/roboto/roboto.sty
Package: roboto 2022/09/10 (Bob Tennent) Supports Roboto fonts for all LaTeX engines.
 (/usr/local/texlive/2026/texmf-dist/tex/generic/iftex/ifxetex.sty
Package: ifxetex 2019/10/25 v0.7 ifxetex legacy package. Use iftex instead.
) (/usr/local/texlive/2026/texmf-dist/tex/generic/iftex/ifluatex.sty
Package: ifluatex 2019/10/25 v1.5 ifluatex legacy package. Use iftex instead.
) (/usr/local/texlive/2026/texmf-dist/tex/latex/xkeyval/xkeyval.sty
Package: xkeyval 2025/11/04 v2.10 package option processing (HA)
 (/usr/local/texlive/2026/texmf-dist/tex/generic/xkeyval/xkeyval.tex (/usr/local/texlive/2026/texmf-dist/tex/generic/xkeyval/xkvutils.tex
\XKV@toks=\toks18
\XKV@tempa@toks=\toks19
\XKV@tempb@toks=\toks20
)
\XKV@depth=\count297
File: xkeyval.tex 2014/12/03 v2.7a key=value parser (HA)
)) (/usr/local/texlive/2026/texmf-dist/tex/latex/base/textcomp.sty
Package: textcomp 2024/04/24 v2.1b Standard LaTeX package
)

Package fontspec Info: 
(fontspec)             Roboto-Regular scale = 1.


Package fontspec Info: 
(fontspec)             Roboto-Regular scale = 1.


Package fontspec Info: 
(fontspec)             Roboto-Regular scale = 1.


Package fontspec Info: 
(fontspec)             Roboto-Bold scale = 1.


Package fontspec Info: 
(fontspec)             Roboto-Bold scale = 1.


Package fontspec Info: 
(fontspec)             Roboto-Italic scale = 1.


Package fontspec Info: 
(fontspec)             Roboto-Italic scale = 1.


Package fontspec Info: 
(fontspec)             Roboto-BoldItalic scale = 1.


Package fontspec Info: 
(fontspec)             Roboto-BoldItalic scale = 1.


Package fontspec Info: 
(fontspec)             Font family 'Roboto(0)' created for font 'Roboto' with
(fontspec)             options [Ligatures = TeX,Scale = 1,Extension =
(fontspec)             .otf,Ligatures=TeX,Numbers =
(fontspec)             {Proportional,Lining},UprightFont =
(fontspec)             *-Regular,ItalicFont = *-Italic,BoldFont =
(fontspec)             *-Bold,BoldItalicFont = *-BoldItalic].
(fontspec)              
(fontspec)              This font family consists of the following NFSS
(fontspec)             series/shapes:
(fontspec)              
(fontspec)             - 'normal' (m/n) with NFSS spec.:
(fontspec)             <->s*[1]"[Roboto-Regular.otf]:mode=node;script=latn;language=dflt;+tlig;+pnum;+lnum;"
(fontspec)             - 'small caps'  (m/sc) with NFSS spec.:
(fontspec)             <->s*[1]"[Roboto-Regular.otf]:mode=node;script=latn;language=dflt;+tlig;+pnum;+lnum;+smcp;"
(fontspec)             - 'bold' (b/n) with NFSS spec.:
(fontspec)             <->s*[1]"[Roboto-Bold.otf]:mode=node;script=latn;language=dflt;+tlig;+pnum;+lnum;"
(fontspec)             - 'bold small caps'  (b/sc) with NFSS spec.:
(fontspec)             <->s*[1]"[Roboto-Bold.otf]:mode=node;script=latn;language=dflt;+tlig;+pnum;+lnum;+smcp;"
(fontspec)             - 'italic' (m/it) with NFSS spec.:
(fontspec)             <->s*[1]"[Roboto-Italic.otf]:mode=node;script=latn;language=dflt;+tlig;+pnum;+lnum;"
(fontspec)             - 'italic small caps'  (m/scit) with NFSS spec.:
(fontspec)             <->s*[1]"[Roboto-Italic.otf]:mode=node;script=latn;language=dflt;+tlig;+pnum;+lnum;+smcp;"
(fontspec)             - 'bold italic' (b/it) with NFSS spec.:
(fontspec)             <->s*[1]"[Roboto-BoldItalic.otf]:mode=node;script=latn;language=dflt;+tlig;+pnum;+lnum;"
(fontspec)             - 'bold italic small caps'  (b/scit) with NFSS spec.:
(fontspec)             <->s*[1]"[Roboto-BoldItalic.otf]:mode=node;script=latn;language=dflt;+tlig;+pnum;+lnum;+smcp;"


Package fontspec Info: 
(fontspec)             Roboto-Regular scale = 1.


Package fontspec Info: 
(fontspec)             Roboto-Regular scale = 1.


Package fontspec Info: 
(fontspec)             Roboto-Regular scale = 1.


Package fontspec Info: 
(fontspec)             Roboto-Bold scale = 1.


Package fontspec Info: 
(fontspec)             Roboto-Bold scale = 1.


Package fontspec Info: 
(fontspec)             Roboto-Italic scale = 1.


Package fontspec Info: 
(fontspec)             Roboto-Italic scale = 1.


Package fontspec Info: 
(fontspec)             Roboto-BoldItalic scale = 1.


Package fontspec Info: 
(fontspec)             Roboto-BoldItalic scale = 1.


Package fontspec Info: 
(fontspec)             Font family 'Roboto(1)' created for font 'Roboto' with
(fontspec)             options [Ligatures = TeX,Scale = 1,Extension =
(fontspec)             .otf,Numbers = {Proportional,Lining},UprightFont =
(fontspec)             *-Regular,ItalicFont = *-Italic,BoldFont =
(fontspec)             *-Bold,BoldItalicFont = *-BoldItalic].
(fontspec)              
(fontspec)              This font family consists of the following NFSS
(fontspec)             series/shapes:
(fontspec)              
(fontspec)             - 'normal' (m/n) with NFSS spec.:
(fontspec)             <->s*[1]"[Roboto-Regular.otf]:mode=node;script=latn;language=dflt;+tlig;+pnum;+lnum;"
(fontspec)             - 'small caps'  (m/sc) with NFSS spec.:
(fontspec)             <->s*[1]"[Roboto-Regular.otf]:mode=node;script=latn;language=dflt;+tlig;+pnum;+lnum;+smcp;"
(fontspec)             - 'bold' (b/n) with NFSS spec.:
(fontspec)             <->s*[1]"[Roboto-Bold.otf]:mode=node;script=latn;language=dflt;+tlig;+pnum;+lnum;"
(fontspec)             - 'bold small caps'  (b/sc) with NFSS spec.:
(fontspec)             <->s*[1]"[Roboto-Bold.otf]:mode=node;script=latn;language=dflt;+tlig;+pnum;+lnum;+smcp;"
(fontspec)             - 'italic' (m/it) with NFSS spec.:
(fontspec)             <->s*[1]"[Roboto-Italic.otf]:mode=node;script=latn;language=dflt;+tlig;+pnum;+lnum;"
(fontspec)             - 'italic small caps'  (m/scit) with NFSS spec.:
(fontspec)             <->s*[1]"[Roboto-Italic.otf]:mode=node;script=latn;language=dflt;+tlig;+pnum;+lnum;+smcp;"
(fontspec)             - 'bold italic' (b/it) with NFSS spec.:
(fontspec)             <->s*[1]"[Roboto-BoldItalic.otf]:mode=node;script=latn;language=dflt;+tlig;+pnum;+lnum;"
(fontspec)             - 'bold italic small caps'  (b/scit) with NFSS spec.:
(fontspec)             <->s*[1]"[Roboto-BoldItalic.otf]:mode=node;script=latn;language=dflt;+tlig;+pnum;+lnum;+smcp;"


Package fontspec Info: 
(fontspec)             RobotoCondensed-Regular scale = 1.


Package fontspec Info: 
(fontspec)             RobotoCondensed-Regular scale = 1.


Package fontspec Info: 
(fontspec)             RobotoCondensed-Regular scale = 1.


Package fontspec Info: 
(fontspec)             RobotoCondensed-Bold scale = 1.


Package fontspec Info: 
(fontspec)             RobotoCondensed-Bold scale = 1.


Package fontspec Info: 
(fontspec)             RobotoCondensed-Italic scale = 1.


Package fontspec Info: 
(fontspec)             RobotoCondensed-Italic scale = 1.


Package fontspec Info: 
(fontspec)             RobotoCondensed-BoldItalic scale = 1.


Package fontspec Info: 
(fontspec)             RobotoCondensed-BoldItalic scale = 1.


Package fontspec Info: 
(fontspec)             Font family 'RobotoCondensed(0)' created for font
(fontspec)             'RobotoCondensed' with options [Ligatures = TeX,Scale =
(fontspec)             1,Extension = .otf,Numbers =
(fontspec)             {Proportional,Lining},UprightFont =
(fontspec)             *-Regular,ItalicFont = *-Italic,BoldFont =
(fontspec)             *-Bold,BoldItalicFont = *-BoldItalic].
(fontspec)              
(fontspec)              This font family consists of the following NFSS
(fontspec)             series/shapes:
(fontspec)              
(fontspec)             - 'normal' (m/n) with NFSS spec.:
(fontspec)             <->s*[1]"[RobotoCondensed-Regular.otf]:mode=node;script=latn;language=dflt;+tlig;+pnum;+lnum;"
(fontspec)             - 'small caps'  (m/sc) with NFSS spec.:
(fontspec)             <->s*[1]"[RobotoCondensed-Regular.otf]:mode=node;script=latn;language=dflt;+tlig;+pnum;+lnum;+smcp;"
(fontspec)             - 'bold' (b/n) with NFSS spec.:
(fontspec)             <->s*[1]"[RobotoCondensed-Bold.otf]:mode=node;script=latn;language=dflt;+tlig;+pnum;+lnum;"
(fontspec)             - 'bold small caps'  (b/sc) with NFSS spec.:
(fontspec)             <->s*[1]"[RobotoCondensed-Bold.otf]:mode=node;script=latn;language=dflt;+tlig;+pnum;+lnum;+smcp;"
(fontspec)             - 'italic' (m/it) with NFSS spec.:
(fontspec)             <->s*[1]"[RobotoCondensed-Italic.otf]:mode=node;script=latn;language=dflt;+tlig;+pnum;+lnum;"
(fontspec)             - 'italic small caps'  (m/scit) with NFSS spec.:
(fontspec)             <->s*[1]"[RobotoCondensed-Italic.otf]:mode=node;script=latn;language=dflt;+tlig;+pnum;+lnum;+smcp;"
(fontspec)             - 'bold italic' (b/it) with NFSS spec.:
(fontspec)             <->s*[1]"[RobotoCondensed-BoldItalic.otf]:mode=node;script=latn;language=dflt;+tlig;+pnum;+lnum;"
(fontspec)             - 'bold italic small caps'  (b/scit) with NFSS spec.:
(fontspec)             <->s*[1]"[RobotoCondensed-BoldItalic.otf]:mode=node;script=latn;language=dflt;+tlig;+pnum;+lnum;+smcp;"


Package fontspec Info: 
(fontspec)             RobotoCondensed-Bold scale = 1.


Package fontspec Info: 
(fontspec)             RobotoCondensed-Bold scale = 1.


Package fontspec Info: 
(fontspec)             RobotoCondensed-Bold scale = 1.


Package fontspec Info: 
(fontspec)             RobotoCondensed-Bold scale = 1.


Package fontspec Info: 
(fontspec)             RobotoCondensed-Bold scale = 1.


Package fontspec Info: 
(fontspec)             RobotoCondensed-BoldItalic scale = 1.


Package fontspec Info: 
(fontspec)             RobotoCondensed-BoldItalic scale = 1.


Package fontspec Info: 
(fontspec)             RobotoCondensed-BoldItalic scale = 1.


Package fontspec Info: 
(fontspec)             RobotoCondensed-BoldItalic scale = 1.


Package fontspec Info: 
(fontspec)             Font family 'RobotoCondensed(1)' created for font
(fontspec)             'RobotoCondensed' with options [Ligatures = TeX,Scale =
(fontspec)             1,Extension = .otf,Numbers =
(fontspec)             {Proportional,Lining},UprightFont = *-Bold,ItalicFont =
(fontspec)             *-BoldItalic,BoldFont = *-Bold,BoldItalicFont =
(fontspec)             *-BoldItalic].
(fontspec)              
(fontspec)              This font family consists of the following NFSS
(fontspec)             series/shapes:
(fontspec)              
(fontspec)             - 'normal' (m/n) with NFSS spec.:
(fontspec)             <->s*[1]"[RobotoCondensed-Bold.otf]:mode=node;script=latn;language=dflt;+tlig;+pnum;+lnum;"
(fontspec)             - 'small caps'  (m/sc) with NFSS spec.:
(fontspec)             <->s*[1]"[RobotoCondensed-Bold.otf]:mode=node;script=latn;language=dflt;+tlig;+pnum;+lnum;+smcp;"
(fontspec)             - 'bold' (b/n) with NFSS spec.:
(fontspec)             <->s*[1]"[RobotoCondensed-Bold.otf]:mode=node;script=latn;language=dflt;+tlig;+pnum;+lnum;"
(fontspec)             - 'bold small caps'  (b/sc) with NFSS spec.:
(fontspec)             <->s*[1]"[RobotoCondensed-Bold.otf]:mode=node;script=latn;language=dflt;+tlig;+pnum;+lnum;+smcp;"
(fontspec)             - 'italic' (m/it) with NFSS spec.:
(fontspec)             <->s*[1]"[RobotoCondensed-BoldItalic.otf]:mode=node;script=latn;language=dflt;+tlig;+pnum;+lnum;"
(fontspec)             - 'italic small caps'  (m/scit) with NFSS spec.:
(fontspec)             <->s*[1]"[RobotoCondensed-BoldItalic.otf]:mode=node;script=latn;language=dflt;+tlig;+pnum;+lnum;+smcp;"
(fontspec)             - 'bold italic' (b/it) with NFSS spec.:
(fontspec)             <->s*[1]"[RobotoCondensed-BoldItalic.otf]:mode=node;script=latn;language=dflt;+tlig;+pnum;+lnum;"
(fontspec)             - 'bold italic small caps'  (b/scit) with NFSS spec.:
(fontspec)             <->s*[1]"[RobotoCondensed-BoldItalic.otf]:mode=node;script=latn;language=dflt;+tlig;+pnum;+lnum;+smcp;"


Package fontspec Info: 
(fontspec)             RobotoSlab-Regular scale = 1.


Package fontspec Info: 
(fontspec)             RobotoSlab-Regular scale = 1.


Package fontspec Info: 
(fontspec)             RobotoSlab-Regular scale = 1.


Package fontspec Info: 
(fontspec)             RobotoSlab-Bold scale = 1.


Package fontspec Info: 
(fontspec)             RobotoSlab-Bold scale = 1.


Package fontspec Info: 
(fontspec)             Font family 'RobotoSlab(0)' created for font
(fontspec)             'RobotoSlab' with options [Ligatures = TeX,Scale =
(fontspec)             1,Extension = .otf,UprightFont = *-Regular,BoldFont =
(fontspec)             *-Bold].
(fontspec)              
(fontspec)              This font family consists of the following NFSS
(fontspec)             series/shapes:
(fontspec)              
(fontspec)             - 'normal' (m/n) with NFSS spec.:
(fontspec)             <->s*[1]"[RobotoSlab-Regular.otf]:mode=node;script=DFLT;language=dflt;+tlig;"
(fontspec)             - 'small caps'  (m/sc) with NFSS spec.:
(fontspec)             <->s*[1]"[RobotoSlab-Regular.otf]:mode=node;script=DFLT;language=dflt;+tlig;+smcp;"
(fontspec)             - 'bold' (b/n) with NFSS spec.:
(fontspec)             <->s*[1]"[RobotoSlab-Bold.otf]:mode=node;script=DFLT;language=dflt;+tlig;"
(fontspec)             - 'bold small caps'  (b/sc) with NFSS spec.:
(fontspec)             <->s*[1]"[RobotoSlab-Bold.otf]:mode=node;script=DFLT;language=dflt;+tlig;+smcp;"


Package fontspec Info: 
(fontspec)             Roboto-Regular scale = 1.


Package fontspec Info: 
(fontspec)             Roboto-Regular scale = 1.


Package fontspec Info: 
(fontspec)             Roboto-Regular scale = 1.


Package fontspec Info: 
(fontspec)             Roboto-Italic scale = 1.


Package fontspec Info: 
(fontspec)             Roboto-Italic scale = 1.


Package fontspec Info: 
(fontspec)             Font family 'Roboto(2)' created for font 'Roboto' with
(fontspec)             options [Ligatures = TeX,Scale = 1,Extension =
(fontspec)             .otf,Numbers = {Proportional,Lining},UprightFont =
(fontspec)             *-Regular,ItalicFont = *-Italic].
(fontspec)              
(fontspec)              This font family consists of the following NFSS
(fontspec)             series/shapes:
(fontspec)              
(fontspec)             - 'normal' (m/n) with NFSS spec.:
(fontspec)             <->s*[1]"[Roboto-Regular.otf]:mode=node;script=latn;language=dflt;+tlig;+pnum;+lnum;"
(fontspec)             - 'small caps'  (m/sc) with NFSS spec.:
(fontspec)             <->s*[1]"[Roboto-Regular.otf]:mode=node;script=latn;language=dflt;+tlig;+pnum;+lnum;+smcp;"
(fontspec)             - 'italic' (m/it) with NFSS spec.:
(fontspec)             <->s*[1]"[Roboto-Italic.otf]:mode=node;script=latn;language=dflt;+tlig;+pnum;+lnum;"
(fontspec)             - 'italic small caps'  (m/scit) with NFSS spec.:
(fontspec)             <->s*[1]"[Roboto-Italic.otf]:mode=node;script=latn;language=dflt;+tlig;+pnum;+lnum;+smcp;"


Package fontspec Info: 
(fontspec)             Roboto-Medium scale = 1.


Package fontspec Info: 
(fontspec)             Roboto-Medium scale = 1.


Package fontspec Info: 
(fontspec)             Roboto-Medium scale = 1.


Package fontspec Info: 
(fontspec)             Roboto-MediumItalic scale = 1.


Package fontspec Info: 
(fontspec)             Roboto-MediumItalic scale = 1.


Package fontspec Info: 
(fontspec)             Font family 'Roboto(3)' created for font 'Roboto' with
(fontspec)             options [Ligatures = TeX,Scale = 1,Extension =
(fontspec)             .otf,Numbers = {Proportional,Lining},UprightFont =
(fontspec)             *-Medium,ItalicFont = *-MediumItalic].
(fontspec)              
(fontspec)              This font family consists of the following NFSS
(fontspec)             series/shapes:
(fontspec)              
(fontspec)             - 'normal' (m/n) with NFSS spec.:
(fontspec)             <->s*[1]"[Roboto-Medium.otf]:mode=node;script=latn;language=dflt;+tlig;+pnum;+lnum;"
(fontspec)             - 'small caps'  (m/sc) with NFSS spec.:
(fontspec)             <->s*[1]"[Roboto-Medium.otf]:mode=node;script=latn;language=dflt;+tlig;+pnum;+lnum;+smcp;"
(fontspec)             - 'italic' (m/it) with NFSS spec.:
(fontspec)             <->s*[1]"[Roboto-MediumItalic.otf]:mode=node;script=latn;language=dflt;+tlig;+pnum;+lnum;"
(fontspec)             - 'italic small caps'  (m/scit) with NFSS spec.:
(fontspec)             <->s*[1]"[Roboto-MediumItalic.otf]:mode=node;script=latn;language=dflt;+tlig;+pnum;+lnum;+smcp;"


Package fontspec Info: 
(fontspec)             Roboto-Thin scale = 1.


Package fontspec Info: 
(fontspec)             Roboto-Thin scale = 1.


Package fontspec Info: 
(fontspec)             Roboto-Thin scale = 1.


Package fontspec Info: 
(fontspec)             Roboto-ThinItalic scale = 1.


Package fontspec Info: 
(fontspec)             Roboto-ThinItalic scale = 1.


Package fontspec Info: 
(fontspec)             Font family 'Roboto(4)' created for font 'Roboto' with
(fontspec)             options [Ligatures = TeX,Scale = 1,Extension =
(fontspec)             .otf,Numbers = {Proportional,Lining},UprightFont =
(fontspec)             *-Thin,ItalicFont = *-ThinItalic].
(fontspec)              
(fontspec)              This font family consists of the following NFSS
(fontspec)             series/shapes:
(fontspec)              
(fontspec)             - 'normal' (m/n) with NFSS spec.:
(fontspec)             <->s*[1]"[Roboto-Thin.otf]:mode=node;script=latn;language=dflt;+tlig;+pnum;+lnum;"
(fontspec)             - 'small caps'  (m/sc) with NFSS spec.:
(fontspec)             <->s*[1]"[Roboto-Thin.otf]:mode=node;script=latn;language=dflt;+tlig;+pnum;+lnum;+smcp;"
(fontspec)             - 'italic' (m/it) with NFSS spec.:
(fontspec)             <->s*[1]"[Roboto-ThinItalic.otf]:mode=node;script=latn;language=dflt;+tlig;+pnum;+lnum;"
(fontspec)             - 'italic small caps'  (m/scit) with NFSS spec.:
(fontspec)             <->s*[1]"[Roboto-ThinItalic.otf]:mode=node;script=latn;language=dflt;+tlig;+pnum;+lnum;+smcp;"


Package fontspec Info: 
(fontspec)             Roboto-Light scale = 1.


Package fontspec Info: 
(fontspec)             Roboto-Light scale = 1.


Package fontspec Info: 
(fontspec)             Roboto-Light scale = 1.


Package fontspec Info: 
(fontspec)             Roboto-LightItalic scale = 1.


Package fontspec Info: 
(fontspec)             Roboto-LightItalic scale = 1.


Package fontspec Info: 
(fontspec)             Font family 'Roboto(5)' created for font 'Roboto' with
(fontspec)             options [Ligatures = TeX,Scale = 1,Extension =
(fontspec)             .otf,Numbers = {Proportional,Lining},UprightFont =
(fontspec)             *-Light,ItalicFont = *-LightItalic].
(fontspec)              
(fontspec)              This font family consists of the following NFSS
(fontspec)             series/shapes:
(fontspec)              
(fontspec)             - 'normal' (m/n) with NFSS spec.:
(fontspec)             <->s*[1]"[Roboto-Light.otf]:mode=node;script=latn;language=dflt;+tlig;+pnum;+lnum;"
(fontspec)             - 'small caps'  (m/sc) with NFSS spec.:
(fontspec)             <->s*[1]"[Roboto-Light.otf]:mode=node;script=latn;language=dflt;+tlig;+pnum;+lnum;+smcp;"
(fontspec)             - 'italic' (m/it) with NFSS spec.:
(fontspec)             <->s*[1]"[Roboto-LightItalic.otf]:mode=node;script=latn;language=dflt;+tlig;+pnum;+lnum;"
(fontspec)             - 'italic small caps'  (m/scit) with NFSS spec.:
(fontspec)             <->s*[1]"[Roboto-LightItalic.otf]:mode=node;script=latn;language=dflt;+tlig;+pnum;+lnum;+smcp;"


Package fontspec Info: 
(fontspec)             Roboto-Bold scale = 1.


Package fontspec Info: 
(fontspec)             Roboto-Bold scale = 1.


Package fontspec Info: 
(fontspec)             Roboto-Bold scale = 1.


Package fontspec Info: 
(fontspec)             Roboto-BoldItalic scale = 1.


Package fontspec Info: 
(fontspec)             Roboto-BoldItalic scale = 1.


Package fontspec Info: 
(fontspec)             Font family 'Roboto(6)' created for font 'Roboto' with
(fontspec)             options [Ligatures = TeX,Scale = 1,Extension =
(fontspec)             .otf,Numbers = {Proportional,Lining},UprightFont =
(fontspec)             *-Bold,ItalicFont = *-BoldItalic].
(fontspec)              
(fontspec)              This font family consists of the following NFSS
(fontspec)             series/shapes:
(fontspec)              
(fontspec)             - 'normal' (m/n) with NFSS spec.:
(fontspec)             <->s*[1]"[Roboto-Bold.otf]:mode=node;script=latn;language=dflt;+tlig;+pnum;+lnum;"
(fontspec)             - 'small caps'  (m/sc) with NFSS spec.:
(fontspec)             <->s*[1]"[Roboto-Bold.otf]:mode=node;script=latn;language=dflt;+tlig;+pnum;+lnum;+smcp;"
(fontspec)             - 'italic' (m/it) with NFSS spec.:
(fontspec)             <->s*[1]"[Roboto-BoldItalic.otf]:mode=node;script=latn;language=dflt;+tlig;+pnum;+lnum;"
(fontspec)             - 'italic small caps'  (m/scit) with NFSS spec.:
(fontspec)             <->s*[1]"[Roboto-BoldItalic.otf]:mode=node;script=latn;language=dflt;+tlig;+pnum;+lnum;+smcp;"


Package fontspec Info: 
(fontspec)             Roboto-Black scale = 1.


Package fontspec Info: 
(fontspec)             Roboto-Black scale = 1.


Package fontspec Info: 
(fontspec)             Roboto-Black scale = 1.


Package fontspec Info: 
(fontspec)             Roboto-BlackItalic scale = 1.


Package fontspec Info: 
(fontspec)             Roboto-BlackItalic scale = 1.


Package fontspec Info: 
(fontspec)             Font family 'Roboto(7)' created for font 'Roboto' with
(fontspec)             options [Ligatures = TeX,Scale = 1,Extension =
(fontspec)             .otf,Numbers = {Proportional,Lining},UprightFont =
(fontspec)             *-Black,ItalicFont = *-BlackItalic].
(fontspec)              
(fontspec)              This font family consists of the following NFSS
(fontspec)             series/shapes:
(fontspec)              
(fontspec)             - 'normal' (m/n) with NFSS spec.:
(fontspec)             <->s*[1]"[Roboto-Black.otf]:mode=node;script=latn;language=dflt;+tlig;+pnum;+lnum;"
(fontspec)             - 'small caps'  (m/sc) with NFSS spec.:
(fontspec)             <->s*[1]"[Roboto-Black.otf]:mode=node;script=latn;language=dflt;+tlig;+pnum;+lnum;+smcp;"
(fontspec)             - 'italic' (m/it) with NFSS spec.:
(fontspec)             <->s*[1]"[Roboto-BlackItalic.otf]:mode=node;script=latn;language=dflt;+tlig;+pnum;+lnum;"
(fontspec)             - 'italic small caps'  (m/scit) with NFSS spec.:
(fontspec)             <->s*[1]"[Roboto-BlackItalic.otf]:mode=node;script=latn;language=dflt;+tlig;+pnum;+lnum;+smcp;"


Package fontspec Info: 
(fontspec)             Roboto-Regular scale = 1.


Package fontspec Info: 
(fontspec)             Roboto-Regular scale = 1.


Package fontspec Info: 
(fontspec)             Roboto-Regular scale = 1.


Package fontspec Info: 
(fontspec)             Roboto-Bold scale = 1.


Package fontspec Info: 
(fontspec)             Roboto-Bold scale = 1.


Package fontspec Info: 
(fontspec)             Roboto-Italic scale = 1.


Package fontspec Info: 
(fontspec)             Roboto-Italic scale = 1.


Package fontspec Info: 
(fontspec)             Roboto-BoldItalic scale = 1.


Package fontspec Info: 
(fontspec)             Roboto-BoldItalic scale = 1.


Package fontspec Info: 
(fontspec)             Font family 'Roboto(8)' created for font 'Roboto' with
(fontspec)             options [Ligatures = TeX,Scale = 1,Extension =
(fontspec)             .otf,Numbers = {Proportional,OldStyle},UprightFont =
(fontspec)             *-Regular,ItalicFont = *-Italic,BoldFont =
(fontspec)             *-Bold,BoldItalicFont = *-BoldItalic].
(fontspec)              
(fontspec)              This font family consists of the following NFSS
(fontspec)             series/shapes:
(fontspec)              
(fontspec)             - 'normal' (m/n) with NFSS spec.:
(fontspec)             <->s*[1]"[Roboto-Regular.otf]:mode=node;script=latn;language=dflt;+tlig;+pnum;+onum;"
(fontspec)             - 'small caps'  (m/sc) with NFSS spec.:
(fontspec)             <->s*[1]"[Roboto-Regular.otf]:mode=node;script=latn;language=dflt;+tlig;+pnum;+onum;+smcp;"
(fontspec)             - 'bold' (b/n) with NFSS spec.:
(fontspec)             <->s*[1]"[Roboto-Bold.otf]:mode=node;script=latn;language=dflt;+tlig;+pnum;+onum;"
(fontspec)             - 'bold small caps'  (b/sc) with NFSS spec.:
(fontspec)             <->s*[1]"[Roboto-Bold.otf]:mode=node;script=latn;language=dflt;+tlig;+pnum;+onum;+smcp;"
(fontspec)             - 'italic' (m/it) with NFSS spec.:
(fontspec)             <->s*[1]"[Roboto-Italic.otf]:mode=node;script=latn;language=dflt;+tlig;+pnum;+onum;"
(fontspec)             - 'italic small caps'  (m/scit) with NFSS spec.:
(fontspec)             <->s*[1]"[Roboto-Italic.otf]:mode=node;script=latn;language=dflt;+tlig;+pnum;+onum;+smcp;"
(fontspec)             - 'bold italic' (b/it) with NFSS spec.:
(fontspec)             <->s*[1]"[Roboto-BoldItalic.otf]:mode=node;script=latn;language=dflt;+tlig;+pnum;+onum;"
(fontspec)             - 'bold italic small caps'  (b/scit) with NFSS spec.:
(fontspec)             <->s*[1]"[Roboto-BoldItalic.otf]:mode=node;script=latn;language=dflt;+tlig;+pnum;+onum;+smcp;"


Package fontspec Info: 
(fontspec)             Roboto-Regular scale = 1.


Package fontspec Info: 
(fontspec)             Roboto-Regular scale = 1.


Package fontspec Info: 
(fontspec)             Roboto-Regular scale = 1.


Package fontspec Info: 
(fontspec)             Roboto-Regular scale = 1.


Package fontspec Info: 
(fontspec)             Roboto-Bold scale = 1.


Package fontspec Info: 
(fontspec)             Roboto-Bold scale = 1.


Package fontspec Info: 
(fontspec)             Roboto-Italic scale = 1.


Package fontspec Info: 
(fontspec)             Roboto-Italic scale = 1.


Package fontspec Info: 
(fontspec)             Roboto-BoldItalic scale = 1.


Package fontspec Info: 
(fontspec)             Roboto-BoldItalic scale = 1.


Package fontspec Info: 
(fontspec)             Font family 'Roboto(9)' created for font 'Roboto' with
(fontspec)             options [Ligatures = TeX,Scale = 1,Extension =
(fontspec)             .otf,Numbers = {Monospaced,Lining},UprightFont =
(fontspec)             *-Regular,ItalicFont = *-Italic,BoldFont =
(fontspec)             *-Bold,BoldItalicFont = *-BoldItalic].
(fontspec)              
(fontspec)              This font family consists of the following NFSS
(fontspec)             series/shapes:
(fontspec)              
(fontspec)             - 'normal' (m/n) with NFSS spec.:
(fontspec)             <->s*[1]"[Roboto-Regular.otf]:mode=node;script=latn;language=dflt;+tlig;+tnum;+lnum;"
(fontspec)             - 'small caps'  (m/sc) with NFSS spec.:
(fontspec)             <->s*[1]"[Roboto-Regular.otf]:mode=node;script=latn;language=dflt;+tlig;+tnum;+lnum;+smcp;"
(fontspec)             - 'bold' (b/n) with NFSS spec.:
(fontspec)             <->s*[1]"[Roboto-Bold.otf]:mode=node;script=latn;language=dflt;+tlig;+tnum;+lnum;"
(fontspec)             - 'bold small caps'  (b/sc) with NFSS spec.:
(fontspec)             <->s*[1]"[Roboto-Bold.otf]:mode=node;script=latn;language=dflt;+tlig;+tnum;+lnum;+smcp;"
(fontspec)             - 'italic' (m/it) with NFSS spec.:
(fontspec)             <->s*[1]"[Roboto-Italic.otf]:mode=node;script=latn;language=dflt;+tlig;+tnum;+lnum;"
(fontspec)             - 'italic small caps'  (m/scit) with NFSS spec.:
(fontspec)             <->s*[1]"[Roboto-Italic.otf]:mode=node;script=latn;language=dflt;+tlig;+tnum;+lnum;+smcp;"
(fontspec)             - 'bold italic' (b/it) with NFSS spec.:
(fontspec)             <->s*[1]"[Roboto-BoldItalic.otf]:mode=node;script=latn;language=dflt;+tlig;+tnum;+lnum;"
(fontspec)             - 'bold italic small caps'  (b/scit) with NFSS spec.:
(fontspec)             <->s*[1]"[Roboto-BoldItalic.otf]:mode=node;script=latn;language=dflt;+tlig;+tnum;+lnum;+smcp;"


Package fontspec Info: 
(fontspec)             Roboto-Regular scale = 1.


Package fontspec Info: 
(fontspec)             Roboto-Regular scale = 1.


Package fontspec Info: 
(fontspec)             Roboto-Regular scale = 1.


Package fontspec Info: 
(fontspec)             Roboto-Bold scale = 1.


Package fontspec Info: 
(fontspec)             Roboto-Bold scale = 1.


Package fontspec Info: 
(fontspec)             Roboto-Italic scale = 1.


Package fontspec Info: 
(fontspec)             Roboto-Italic scale = 1.


Package fontspec Info: 
(fontspec)             Roboto-BoldItalic scale = 1.


Package fontspec Info: 
(fontspec)             Roboto-BoldItalic scale = 1.


Package fontspec Info: 
(fontspec)             Font family 'Roboto(10)' created for font 'Roboto' with
(fontspec)             options [Ligatures = TeX,Scale = 1,Extension =
(fontspec)             .otf,Numbers = {Monospaced,OldStyle},UprightFont =
(fontspec)             *-Regular,ItalicFont = *-Italic,BoldFont =
(fontspec)             *-Bold,BoldItalicFont = *-BoldItalic].
(fontspec)              
(fontspec)              This font family consists of the following NFSS
(fontspec)             series/shapes:
(fontspec)              
(fontspec)             - 'normal' (m/n) with NFSS spec.:
(fontspec)             <->s*[1]"[Roboto-Regular.otf]:mode=node;script=latn;language=dflt;+tlig;+tnum;+onum;"
(fontspec)             - 'small caps'  (m/sc) with NFSS spec.:
(fontspec)             <->s*[1]"[Roboto-Regular.otf]:mode=node;script=latn;language=dflt;+tlig;+tnum;+onum;+smcp;"
(fontspec)             - 'bold' (b/n) with NFSS spec.:
(fontspec)             <->s*[1]"[Roboto-Bold.otf]:mode=node;script=latn;language=dflt;+tlig;+tnum;+onum;"
(fontspec)             - 'bold small caps'  (b/sc) with NFSS spec.:
(fontspec)             <->s*[1]"[Roboto-Bold.otf]:mode=node;script=latn;language=dflt;+tlig;+tnum;+onum;+smcp;"
(fontspec)             - 'italic' (m/it) with NFSS spec.:
(fontspec)             <->s*[1]"[Roboto-Italic.otf]:mode=node;script=latn;language=dflt;+tlig;+tnum;+onum;"
(fontspec)             - 'italic small caps'  (m/scit) with NFSS spec.:
(fontspec)             <->s*[1]"[Roboto-Italic.otf]:mode=node;script=latn;language=dflt;+tlig;+tnum;+onum;+smcp;"
(fontspec)             - 'bold italic' (b/it) with NFSS spec.:
(fontspec)             <->s*[1]"[Roboto-BoldItalic.otf]:mode=node;script=latn;language=dflt;+tlig;+tnum;+onum;"
(fontspec)             - 'bold italic small caps'  (b/scit) with NFSS spec.:
(fontspec)             <->s*[1]"[Roboto-BoldItalic.otf]:mode=node;script=latn;language=dflt;+tlig;+tnum;+onum;+smcp;"

)
luaotfload | cache : Lookup cache loaded from /Users/philipsimon/Library/texlive/2026/texmf-var/luatex-cache/generic/names/luaotfload-lookup-cache.luc.

Package fontspec Info: 
(fontspec)             Could not resolve font "Roboto-BlackItalic/B" (it
(fontspec)             probably doesn't exist).


Package fontspec Info: 
(fontspec)             Could not resolve font "Roboto-Black/BI" (it probably
(fontspec)             doesn't exist).


Package fontspec Info: 
(fontspec)             Could not resolve font "Roboto-Black/B" (it probably
(fontspec)             doesn't exist).


Package fontspec Info: 
(fontspec)             Font family 'Roboto(11)' created for font 'Roboto' with
(fontspec)             options [Numbers = {Proportional,Lining},UprightFont =
(fontspec)             *-Black,ItalicFont =
(fontspec)             *-BlackItalic,LetterSpace=26,WordSpace=2.2].
(fontspec)              
(fontspec)              This font family consists of the following NFSS
(fontspec)             series/shapes:
(fontspec)              
(fontspec)             - 'normal' (m/n) with NFSS spec.:
(fontspec)             <->"name:Roboto-Black:mode=node;script=latn;language=dflt;letterspace=26;+pnum;+lnum;"
(fontspec)             - 'small caps'  (m/sc) with NFSS spec.:
(fontspec)             <->"name:Roboto-Black:mode=node;script=latn;language=dflt;letterspace=26;+pnum;+lnum;+smcp;"
(fontspec)             and font adjustment code:
(fontspec)             \fontdimen 2\font =2.2\fontdimen 2\font \fontdimen
(fontspec)             3\font =2.2\fontdimen 3\font \fontdimen 4\font
(fontspec)             =2.2\fontdimen 4\font 
(fontspec)             - 'italic' (m/it) with NFSS spec.:
(fontspec)             <->"name:Roboto-BlackItalic:mode=node;script=latn;language=dflt;letterspace=26;+pnum;+lnum;"
(fontspec)             - 'italic small caps'  (m/scit) with NFSS spec.:
(fontspec)             <->"name:Roboto-BlackItalic:mode=node;script=latn;language=dflt;letterspace=26;+pnum;+lnum;+smcp;"
(fontspec)             and font adjustment code:
(fontspec)             \fontdimen 2\font =2.2\fontdimen 2\font \fontdimen
(fontspec)             3\font =2.2\fontdimen 3\font \fontdimen 4\font
(fontspec)             =2.2\fontdimen 4\font 

 (/usr/local/texlive/2026/texmf-dist/tex/latex/roboto/roboto-mono.sty
Package: roboto-mono 2022/09/10 (Bob Tennent) Supports RobotoMono fonts for all LaTeX engines.

Package fontspec Info: 
(fontspec)             RobotoMono-Regular scale = 1.


Package fontspec Info: 
(fontspec)             RobotoMono-Regular scale = 1.


Package fontspec Info: 
(fontspec)             RobotoMono-Regular scale = 1.


Package fontspec Info: 
(fontspec)             RobotoMono-Bold scale = 1.


Package fontspec Info: 
(fontspec)             RobotoMono-Bold scale = 1.


Package fontspec Info: 
(fontspec)             RobotoMono-Italic scale = 1.


Package fontspec Info: 
(fontspec)             RobotoMono-Italic scale = 1.


Package fontspec Info: 
(fontspec)             RobotoMono-BoldItalic scale = 1.


Package fontspec Info: 
(fontspec)             RobotoMono-BoldItalic scale = 1.


Package fontspec Info: 
(fontspec)             Font family 'RobotoMono(0)' created for font
(fontspec)             'RobotoMono' with options [HyphenChar=None,Scale =
(fontspec)             1,Extension =
(fontspec)             .otf,WordSpace={1,0,0},HyphenChar=None,PunctuationSpace=WordSpace,UprightFont
(fontspec)             = *-Regular,ItalicFont = *-Italic,BoldFont =
(fontspec)             *-Bold,BoldItalicFont = *-BoldItalic].
(fontspec)              
(fontspec)              This font family consists of the following NFSS
(fontspec)             series/shapes:
(fontspec)              
(fontspec)             - 'normal' (m/n) with NFSS spec.:
(fontspec)             <->s*[1]"[RobotoMono-Regular.otf]:mode=node;script=DFLT;language=dflt;"
(fontspec)             - 'small caps'  (m/sc) with NFSS spec.:
(fontspec)             <->s*[1]"[RobotoMono-Regular.otf]:mode=node;script=DFLT;language=dflt;+smcp;"
(fontspec)             and font adjustment code:
(fontspec)             \fontdimen 2\font =1\fontdimen 2\font \fontdimen 3\font
(fontspec)             =0\fontdimen 3\font \fontdimen 4\font =0\fontdimen
(fontspec)             4\font \fontdimen 7\font =0\fontdimen 2\font
(fontspec)             \tex_hyphenchar:D \font =-1\scan_stop:
(fontspec)             \tex_hyphenchar:D \font =-1\scan_stop: 
(fontspec)             - 'bold' (b/n) with NFSS spec.:
(fontspec)             <->s*[1]"[RobotoMono-Bold.otf]:mode=node;script=DFLT;language=dflt;"
(fontspec)             - 'bold small caps'  (b/sc) with NFSS spec.:
(fontspec)             <->s*[1]"[RobotoMono-Bold.otf]:mode=node;script=DFLT;language=dflt;+smcp;"
(fontspec)             and font adjustment code:
(fontspec)             \fontdimen 2\font =1\fontdimen 2\font \fontdimen 3\font
(fontspec)             =0\fontdimen 3\font \fontdimen 4\font =0\fontdimen
(fontspec)             4\font \fontdimen 7\font =0\fontdimen 2\font
(fontspec)             \tex_hyphenchar:D \font =-1\scan_stop:
(fontspec)             \tex_hyphenchar:D \font =-1\scan_stop: 
(fontspec)             - 'italic' (m/it) with NFSS spec.:
(fontspec)             <->s*[1]"[RobotoMono-Italic.otf]:mode=node;script=DFLT;language=dflt;"
(fontspec)             - 'italic small caps'  (m/scit) with NFSS spec.:
(fontspec)             <->s*[1]"[RobotoMono-Italic.otf]:mode=node;script=DFLT;language=dflt;+smcp;"
(fontspec)             and font adjustment code:
(fontspec)             \fontdimen 2\font =1\fontdimen 2\font \fontdimen 3\font
(fontspec)             =0\fontdimen 3\font \fontdimen 4\font =0\fontdimen
(fontspec)             4\font \fontdimen 7\font =0\fontdimen 2\font
(fontspec)             \tex_hyphenchar:D \font =-1\scan_stop:
(fontspec)             \tex_hyphenchar:D \font =-1\scan_stop: 
(fontspec)             - 'bold italic' (b/it) with NFSS spec.:
(fontspec)             <->s*[1]"[RobotoMono-BoldItalic.otf]:mode=node;script=DFLT;language=dflt;"
(fontspec)             - 'bold italic small caps'  (b/scit) with NFSS spec.:
(fontspec)             <->s*[1]"[RobotoMono-BoldItalic.otf]:mode=node;script=DFLT;language=dflt;+smcp;"
(fontspec)             and font adjustment code:
(fontspec)             \fontdimen 2\font =1\fontdimen 2\font \fontdimen 3\font
(fontspec)             =0\fontdimen 3\font \fontdimen 4\font =0\fontdimen
(fontspec)             4\font \fontdimen 7\font =0\fontdimen 2\font
(fontspec)             \tex_hyphenchar:D \font =-1\scan_stop:
(fontspec)             \tex_hyphenchar:D \font =-1\scan_stop: 


Package fontspec Info: 
(fontspec)             RobotoMono-Regular scale = 1.


Package fontspec Info: 
(fontspec)             RobotoMono-Regular scale = 1.


Package fontspec Info: 
(fontspec)             RobotoMono-Regular scale = 1.


Package fontspec Info: 
(fontspec)             RobotoMono-Bold scale = 1.


Package fontspec Info: 
(fontspec)             RobotoMono-Bold scale = 1.


Package fontspec Info: 
(fontspec)             RobotoMono-Italic scale = 1.


Package fontspec Info: 
(fontspec)             RobotoMono-Italic scale = 1.


Package fontspec Info: 
(fontspec)             RobotoMono-BoldItalic scale = 1.


Package fontspec Info: 
(fontspec)             RobotoMono-BoldItalic scale = 1.


Package fontspec Info: 
(fontspec)             Font family 'RobotoMono(1)' created for font
(fontspec)             'RobotoMono' with options [HyphenChar=None,Scale =
(fontspec)             1,Extension = .otf,UprightFont = *-Regular,ItalicFont =
(fontspec)             *-Italic,BoldFont = *-Bold,BoldItalicFont =
(fontspec)             *-BoldItalic].
(fontspec)              
(fontspec)              This font family consists of the following NFSS
(fontspec)             series/shapes:
(fontspec)              
(fontspec)             - 'normal' (m/n) with NFSS spec.:
(fontspec)             <->s*[1]"[RobotoMono-Regular.otf]:mode=node;script=DFLT;language=dflt;"
(fontspec)             - 'small caps'  (m/sc) with NFSS spec.:
(fontspec)             <->s*[1]"[RobotoMono-Regular.otf]:mode=node;script=DFLT;language=dflt;+smcp;"
(fontspec)             and font adjustment code:
(fontspec)             \tex_hyphenchar:D \font =-1\scan_stop: 
(fontspec)             - 'bold' (b/n) with NFSS spec.:
(fontspec)             <->s*[1]"[RobotoMono-Bold.otf]:mode=node;script=DFLT;language=dflt;"
(fontspec)             - 'bold small caps'  (b/sc) with NFSS spec.:
(fontspec)             <->s*[1]"[RobotoMono-Bold.otf]:mode=node;script=DFLT;language=dflt;+smcp;"
(fontspec)             and font adjustment code:
(fontspec)             \tex_hyphenchar:D \font =-1\scan_stop: 
(fontspec)             - 'italic' (m/it) with NFSS spec.:
(fontspec)             <->s*[1]"[RobotoMono-Italic.otf]:mode=node;script=DFLT;language=dflt;"
(fontspec)             - 'italic small caps'  (m/scit) with NFSS spec.:
(fontspec)             <->s*[1]"[RobotoMono-Italic.otf]:mode=node;script=DFLT;language=dflt;+smcp;"
(fontspec)             and font adjustment code:
(fontspec)             \tex_hyphenchar:D \font =-1\scan_stop: 
(fontspec)             - 'bold italic' (b/it) with NFSS spec.:
(fontspec)             <->s*[1]"[RobotoMono-BoldItalic.otf]:mode=node;script=DFLT;language=dflt;"
(fontspec)             - 'bold italic small caps'  (b/scit) with NFSS spec.:
(fontspec)             <->s*[1]"[RobotoMono-BoldItalic.otf]:mode=node;script=DFLT;language=dflt;+smcp;"
(fontspec)             and font adjustment code:
(fontspec)             \tex_hyphenchar:D \font =-1\scan_stop: 


Package fontspec Info: 
(fontspec)             RobotoMono-Regular scale = 1.


Package fontspec Info: 
(fontspec)             RobotoMono-Regular scale = 1.


Package fontspec Info: 
(fontspec)             RobotoMono-Regular scale = 1.


Package fontspec Info: 
(fontspec)             RobotoMono-Italic scale = 1.


Package fontspec Info: 
(fontspec)             RobotoMono-Italic scale = 1.


Package fontspec Info: 
(fontspec)             Font family 'RobotoMono(2)' created for font
(fontspec)             'RobotoMono' with options [HyphenChar=None,Scale =
(fontspec)             1,Extension = .otf,UprightFont = *-Regular,ItalicFont =
(fontspec)             *-Italic].
(fontspec)              
(fontspec)              This font family consists of the following NFSS
(fontspec)             series/shapes:
(fontspec)              
(fontspec)             - 'normal' (m/n) with NFSS spec.:
(fontspec)             <->s*[1]"[RobotoMono-Regular.otf]:mode=node;script=DFLT;language=dflt;"
(fontspec)             - 'small caps'  (m/sc) with NFSS spec.:
(fontspec)             <->s*[1]"[RobotoMono-Regular.otf]:mode=node;script=DFLT;language=dflt;+smcp;"
(fontspec)             and font adjustment code:
(fontspec)             \tex_hyphenchar:D \font =-1\scan_stop: 
(fontspec)             - 'italic' (m/it) with NFSS spec.:
(fontspec)             <->s*[1]"[RobotoMono-Italic.otf]:mode=node;script=DFLT;language=dflt;"
(fontspec)             - 'italic small caps'  (m/scit) with NFSS spec.:
(fontspec)             <->s*[1]"[RobotoMono-Italic.otf]:mode=node;script=DFLT;language=dflt;+smcp;"
(fontspec)             and font adjustment code:
(fontspec)             \tex_hyphenchar:D \font =-1\scan_stop: 


Package fontspec Info: 
(fontspec)             RobotoMono-Medium scale = 1.


Package fontspec Info: 
(fontspec)             RobotoMono-Medium scale = 1.


Package fontspec Info: 
(fontspec)             RobotoMono-Medium scale = 1.


Package fontspec Info: 
(fontspec)             RobotoMono-MediumItalic scale = 1.


Package fontspec Info: 
(fontspec)             RobotoMono-MediumItalic scale = 1.


Package fontspec Info: 
(fontspec)             Font family 'RobotoMono(3)' created for font
(fontspec)             'RobotoMono' with options [HyphenChar=None,Scale =
(fontspec)             1,Extension = .otf,UprightFont = *-Medium,ItalicFont =
(fontspec)             *-MediumItalic].
(fontspec)              
(fontspec)              This font family consists of the following NFSS
(fontspec)             series/shapes:
(fontspec)              
(fontspec)             - 'normal' (m/n) with NFSS spec.:
(fontspec)             <->s*[1]"[RobotoMono-Medium.otf]:mode=node;script=DFLT;language=dflt;"
(fontspec)             - 'small caps'  (m/sc) with NFSS spec.:
(fontspec)             <->s*[1]"[RobotoMono-Medium.otf]:mode=node;script=DFLT;language=dflt;+smcp;"
(fontspec)             and font adjustment code:
(fontspec)             \tex_hyphenchar:D \font =-1\scan_stop: 
(fontspec)             - 'italic' (m/it) with NFSS spec.:
(fontspec)             <->s*[1]"[RobotoMono-MediumItalic.otf]:mode=node;script=DFLT;language=dflt;"
(fontspec)             - 'italic small caps'  (m/scit) with NFSS spec.:
(fontspec)             <->s*[1]"[RobotoMono-MediumItalic.otf]:mode=node;script=DFLT;language=dflt;+smcp;"
(fontspec)             and font adjustment code:
(fontspec)             \tex_hyphenchar:D \font =-1\scan_stop: 


Package fontspec Info: 
(fontspec)             RobotoMono-Thin scale = 1.


Package fontspec Info: 
(fontspec)             RobotoMono-Thin scale = 1.


Package fontspec Info: 
(fontspec)             RobotoMono-Thin scale = 1.


Package fontspec Info: 
(fontspec)             RobotoMono-ThinItalic scale = 1.


Package fontspec Info: 
(fontspec)             RobotoMono-ThinItalic scale = 1.


Package fontspec Info: 
(fontspec)             Font family 'RobotoMono(4)' created for font
(fontspec)             'RobotoMono' with options [HyphenChar=None,Scale =
(fontspec)             1,Extension = .otf,UprightFont = *-Thin,ItalicFont =
(fontspec)             *-ThinItalic].
(fontspec)              
(fontspec)              This font family consists of the following NFSS
(fontspec)             series/shapes:
(fontspec)              
(fontspec)             - 'normal' (m/n) with NFSS spec.:
(fontspec)             <->s*[1]"[RobotoMono-Thin.otf]:mode=node;script=DFLT;language=dflt;"
(fontspec)             - 'small caps'  (m/sc) with NFSS spec.:
(fontspec)             <->s*[1]"[RobotoMono-Thin.otf]:mode=node;script=DFLT;language=dflt;+smcp;"
(fontspec)             and font adjustment code:
(fontspec)             \tex_hyphenchar:D \font =-1\scan_stop: 
(fontspec)             - 'italic' (m/it) with NFSS spec.:
(fontspec)             <->s*[1]"[RobotoMono-ThinItalic.otf]:mode=node;script=DFLT;language=dflt;"
(fontspec)             - 'italic small caps'  (m/scit) with NFSS spec.:
(fontspec)             <->s*[1]"[RobotoMono-ThinItalic.otf]:mode=node;script=DFLT;language=dflt;+smcp;"
(fontspec)             and font adjustment code:
(fontspec)             \tex_hyphenchar:D \font =-1\scan_stop: 


Package fontspec Info: 
(fontspec)             RobotoMono-Light scale = 1.


Package fontspec Info: 
(fontspec)             RobotoMono-Light scale = 1.


Package fontspec Info: 
(fontspec)             RobotoMono-Light scale = 1.


Package fontspec Info: 
(fontspec)             RobotoMono-LightItalic scale = 1.


Package fontspec Info: 
(fontspec)             RobotoMono-LightItalic scale = 1.


Package fontspec Info: 
(fontspec)             Font family 'RobotoMono(5)' created for font
(fontspec)             'RobotoMono' with options [HyphenChar=None,Scale =
(fontspec)             1,Extension = .otf,UprightFont = *-Light,ItalicFont =
(fontspec)             *-LightItalic].
(fontspec)              
(fontspec)              This font family consists of the following NFSS
(fontspec)             series/shapes:
(fontspec)              
(fontspec)             - 'normal' (m/n) with NFSS spec.:
(fontspec)             <->s*[1]"[RobotoMono-Light.otf]:mode=node;script=DFLT;language=dflt;"
(fontspec)             - 'small caps'  (m/sc) with NFSS spec.:
(fontspec)             <->s*[1]"[RobotoMono-Light.otf]:mode=node;script=DFLT;language=dflt;+smcp;"
(fontspec)             and font adjustment code:
(fontspec)             \tex_hyphenchar:D \font =-1\scan_stop: 
(fontspec)             - 'italic' (m/it) with NFSS spec.:
(fontspec)             <->s*[1]"[RobotoMono-LightItalic.otf]:mode=node;script=DFLT;language=dflt;"
(fontspec)             - 'italic small caps'  (m/scit) with NFSS spec.:
(fontspec)             <->s*[1]"[RobotoMono-LightItalic.otf]:mode=node;script=DFLT;language=dflt;+smcp;"
(fontspec)             and font adjustment code:
(fontspec)             \tex_hyphenchar:D \font =-1\scan_stop: 


Package fontspec Info: 
(fontspec)             RobotoMono-Bold scale = 1.


Package fontspec Info: 
(fontspec)             RobotoMono-Bold scale = 1.


Package fontspec Info: 
(fontspec)             RobotoMono-Bold scale = 1.


Package fontspec Info: 
(fontspec)             RobotoMono-BoldItalic scale = 1.


Package fontspec Info: 
(fontspec)             RobotoMono-BoldItalic scale = 1.


Package fontspec Info: 
(fontspec)             Font family 'RobotoMono(6)' created for font
(fontspec)             'RobotoMono' with options [HyphenChar=None,Scale =
(fontspec)             1,Extension = .otf,UprightFont = *-Bold,ItalicFont =
(fontspec)             *-BoldItalic].
(fontspec)              
(fontspec)              This font family consists of the following NFSS
(fontspec)             series/shapes:
(fontspec)              
(fontspec)             - 'normal' (m/n) with NFSS spec.:
(fontspec)             <->s*[1]"[RobotoMono-Bold.otf]:mode=node;script=DFLT;language=dflt;"
(fontspec)             - 'small caps'  (m/sc) with NFSS spec.:
(fontspec)             <->s*[1]"[RobotoMono-Bold.otf]:mode=node;script=DFLT;language=dflt;+smcp;"
(fontspec)             and font adjustment code:
(fontspec)             \tex_hyphenchar:D \font =-1\scan_stop: 
(fontspec)             - 'italic' (m/it) with NFSS spec.:
(fontspec)             <->s*[1]"[RobotoMono-BoldItalic.otf]:mode=node;script=DFLT;language=dflt;"
(fontspec)             - 'italic small caps'  (m/scit) with NFSS spec.:
(fontspec)             <->s*[1]"[RobotoMono-BoldItalic.otf]:mode=node;script=DFLT;language=dflt;+smcp;"
(fontspec)             and font adjustment code:
(fontspec)             \tex_hyphenchar:D \font =-1\scan_stop: 

)
LaTeX Info: Redefining \LaTeX on input line 100.
) (/usr/local/texlive/2026/texmf-dist/tex/latex/tuda-ci/tudacolors.sty
Package: tudacolors 2025-11-13 v4.05 Color definition for TU Darmstadt's tuda-ci bundle
 (/usr/local/texlive/2026/texmf-dist/tex/latex/xcolor/xcolor.sty
Package: xcolor 2024/09/29 v3.02 LaTeX color extensions (UK)
 (/usr/local/texlive/2026/texmf-dist/tex/latex/graphics-cfg/color.cfg
File: color.cfg 2016/01/02 v1.6 sample color configuration
)
Package xcolor Info: Driver file: luatex.def on input line 274.
 (/usr/local/texlive/2026/texmf-dist/tex/latex/graphics-def/luatex.def
File: luatex.def 2025/09/29 v1.2f Graphics/color driver for luatex
) (/usr/local/texlive/2026/texmf-dist/tex/latex/graphics/mathcolor.ltx)
Package xcolor Info: Model `cmy' substituted by `cmy0' on input line 1349.
Package xcolor Info: Model `hsb' substituted by `rgb' on input line 1353.
Package xcolor Info: Model `RGB' extended on input line 1365.
Package xcolor Info: Model `HTML' substituted by `rgb' on input line 1367.
Package xcolor Info: Model `Hsb' substituted by `hsb' on input line 1368.
Package xcolor Info: Model `tHsb' substituted by `hsb' on input line 1369.
Package xcolor Info: Model `HSB' substituted by `hsb' on input line 1370.
Package xcolor Info: Model `Gray' substituted by `gray' on input line 1371.
Package xcolor Info: Model `wave' substituted by `hsb' on input line 1372.
) (/usr/local/texlive/2026/texmf-dist/tex/latex/tuda-ci/tudacolors.def
File: tudacolors.def 2025-11-13 v4.05 Color definitions for tuda-ci
)) (/usr/local/texlive/2026/texmf-dist/tex/latex/koma-script/scrlayer-scrpage.sty
Package: scrlayer-scrpage 2026/02/02 v3.49.2 KOMA-Script package (end user interface for scrlayer)
 (/usr/local/texlive/2026/texmf-dist/tex/latex/koma-script/scrlayer.sty
Package: scrlayer 2026/02/02 v3.49.2 KOMA-Script package (defining layers and page styles)
Package scrlayer Info: patching LaTeX kernel macro \pagestyle on input line 2179.
)
Package scrlayer-scrpage Info: Makeing stand-alone element `pagehead' from
(scrlayer-scrpage)             alias to `pageheadfoot' on input line 1106.
) (/usr/local/texlive/2026/texmf-dist/tex/latex/graphics/graphicx.sty
Package: graphicx 2024/12/31 v1.2e Enhanced LaTeX Graphics (DPC,SPQR)
 (/usr/local/texlive/2026/texmf-dist/tex/latex/graphics/graphics.sty
Package: graphics 2024/08/06 v1.4g Standard LaTeX Graphics (DPC,SPQR)
 (/usr/local/texlive/2026/texmf-dist/tex/latex/graphics/trig.sty
Package: trig 2023/12/02 v1.11 sin cos tan (DPC)
) (/usr/local/texlive/2026/texmf-dist/tex/latex/graphics-cfg/graphics.cfg
File: graphics.cfg 2016/06/04 v1.11 sample graphics configuration
)
Package graphics Info: Driver file: luatex.def on input line 106.
)
\Gin@req@height=\dimen151
\Gin@req@width=\dimen152
) (/usr/local/texlive/2026/texmf-dist/tex/latex/hyperref/hyperref.sty
Package: hyperref 2026-01-29 v7.01p Hypertext links for LaTeX
 (/usr/local/texlive/2026/texmf-dist/tex/latex/kvsetkeys/kvsetkeys.sty
Package: kvsetkeys 2022-10-05 v1.19 Key value parser (HO)
) (/usr/local/texlive/2026/texmf-dist/tex/generic/kvdefinekeys/kvdefinekeys.sty
Package: kvdefinekeys 2019-12-19 v1.6 Define keys (HO)
) (/usr/local/texlive/2026/texmf-dist/tex/generic/pdfescape/pdfescape.sty
Package: pdfescape 2019/12/09 v1.15 Implements pdfTeX's escape features (HO)
 (/usr/local/texlive/2026/texmf-dist/tex/generic/ltxcmds/ltxcmds.sty
Package: ltxcmds 2023-12-04 v1.26 LaTeX kernel commands for general use (HO)
) (/usr/local/texlive/2026/texmf-dist/tex/generic/pdftexcmds/pdftexcmds.sty
Package: pdftexcmds 2020-06-27 v0.33 Utility functions of pdfTeX for LuaTeX (HO)
 (/usr/local/texlive/2026/texmf-dist/tex/generic/infwarerr/infwarerr.sty
Package: infwarerr 2019/12/03 v1.5 Providing info/warning/error messages (HO)
)
Package pdftexcmds Info: \pdf@primitive is available.
Package pdftexcmds Info: \pdf@ifprimitive is available.
Package pdftexcmds Info: \pdfdraftmode found.
\pdftexcmds@toks=\toks21
)) (/usr/local/texlive/2026/texmf-dist/tex/latex/hycolor/hycolor.sty
Package: hycolor 2020-01-27 v1.10 Color options for hyperref/bookmark (HO)
) (/usr/local/texlive/2026/texmf-dist/tex/latex/hyperref/nameref.sty
Package: nameref 2026-01-29 v2.58 Cross-referencing by name of section
 (/usr/local/texlive/2026/texmf-dist/tex/latex/refcount/refcount.sty
Package: refcount 2019/12/15 v3.6 Data extraction from label references (HO)
) (/usr/local/texlive/2026/texmf-dist/tex/generic/gettitlestring/gettitlestring.sty
Package: gettitlestring 2019/12/15 v1.6 Cleanup title references (HO)
 (/usr/local/texlive/2026/texmf-dist/tex/latex/kvoptions/kvoptions.sty
Package: kvoptions 2022-06-15 v3.15 Key value format for package options (HO)
))
\c@section@level=\count298
) (/usr/local/texlive/2026/texmf-dist/tex/latex/etoolbox/etoolbox.sty
Package: etoolbox 2025/10/02 v2.5m e-TeX tools for LaTeX (JAW)
\etb@tempcnta=\count299
) (/usr/local/texlive/2026/texmf-dist/tex/generic/stringenc/stringenc.sty
Package: stringenc 2019/11/29 v1.12 Convert strings between diff. encodings (HO)
)
\@linkdim=\dimen153
\Hy@linkcounter=\count300
\Hy@pagecounter=\count301
 (/usr/local/texlive/2026/texmf-dist/tex/latex/hyperref/pd1enc.def
File: pd1enc.def 2026-01-29 v7.01p Hyperref: PDFDocEncoding definition (HO)
) (/usr/local/texlive/2026/texmf-dist/tex/generic/intcalc/intcalc.sty
Package: intcalc 2019/12/15 v1.3 Expandable calculations with integers (HO)
)
\Hy@SavedSpaceFactor=\count302
 (/usr/local/texlive/2026/texmf-dist/tex/latex/hyperref/puenc.def
File: puenc.def 2026-01-29 v7.01p Hyperref: PDF Unicode definition (HO)
)
Package hyperref Info: Option `pdfa' set `false' on input line 4072.
Package hyperref Info: Option `unicode' set `true' on input line 4072.
Package hyperref Info: Hyper figures OFF on input line 4201.
Package hyperref Info: Link nesting OFF on input line 4206.
Package hyperref Info: Hyper index ON on input line 4209.
Package hyperref Info: Plain pages OFF on input line 4216.
Package hyperref Info: Backreferencing OFF on input line 4221.
Package hyperref Info: Implicit mode ON; LaTeX internals redefined.
Package hyperref Info: Bookmarks ON on input line 4468.
\c@Hy@tempcnt=\count303
 (/usr/local/texlive/2026/texmf-dist/tex/latex/url/url.sty
\Urlmuskip=\muskip17
Package: url 2013/09/16  ver 3.4  Verb mode for urls, etc.
)
LaTeX Info: Redefining \url on input line 4807.
\XeTeXLinkMargin=\dimen154
 (/usr/local/texlive/2026/texmf-dist/tex/generic/bitset/bitset.sty
Package: bitset 2019/12/09 v1.3 Handle bit-vector datatype (HO)
 (/usr/local/texlive/2026/texmf-dist/tex/generic/bigintcalc/bigintcalc.sty
Package: bigintcalc 2019/12/15 v1.5 Expandable calculations on big integers (HO)
))
\Fld@menulength=\count304
\Field@Width=\dimen155
\Fld@charsize=\dimen156
Package hyperref Info: Hyper figures OFF on input line 6084.
Package hyperref Info: Link nesting OFF on input line 6089.
Package hyperref Info: Hyper index ON on input line 6092.
Package hyperref Info: backreferencing OFF on input line 6099.
Package hyperref Info: Link coloring OFF on input line 6104.
Package hyperref Info: Link coloring with OCG OFF on input line 6109.
Package hyperref Info: PDF/A mode OFF on input line 6114.
\Hy@abspage=\count305
\c@Item=\count306
\c@Hfootnote=\count307
)
Package hyperref Info: Driver (autodetected): hluatex.
 (/usr/local/texlive/2026/texmf-dist/tex/latex/hyperref/hluatex.def
File: hluatex.def 2026-01-29 v7.01p Hyperref driver for luaTeX
\Fld@listcount=\count308
\c@bookmark@seq@number=\count309
 (/usr/local/texlive/2026/texmf-dist/tex/latex/rerunfilecheck/rerunfilecheck.sty
Package: rerunfilecheck 2025-06-21 v1.11 Rerun checks for auxiliary files (HO)
 (/usr/local/texlive/2026/texmf-dist/tex/generic/uniquecounter/uniquecounter.sty
Package: uniquecounter 2019/12/15 v1.4 Provide unlimited unique counter (HO)
)
Package uniquecounter Info: New unique counter `rerunfilecheck' on input line 284.
)
\Hy@SectionHShift=\skip66
) (/usr/local/texlive/2026/texmf-dist/tex/latex/bookmark/bookmark.sty
Package: bookmark 2023-12-10 v1.31 PDF bookmarks (HO)
 (/usr/local/texlive/2026/texmf-dist/tex/latex/bookmark/bkm-pdftex.def
File: bkm-pdftex.def 2023-12-10 v1.31 bookmark driver for pdfTeX and luaTeX (HO)
\BKM@id=\count310
)) (/usr/local/texlive/2026/texmf-dist/tex/latex/tuda-ci/tudarules.sty
Package: tudarules 2025-11-13 v4.05 Creation of colored bars for the tuda-ci bundle
\g_ptxcd_titlerule_dim=\dimen157
\c_ptxcd_largerule_dim=\dimen158
\c_ptxcd_rulesep_dim=\dimen159
\c_ptxcd_smallrule_dim=\dimen160
\c_ptxcd_logoheight_dim=\dimen161
\l_ptxcd_headrule_width_dim=\dimen162
) (/usr/local/texlive/2026/texmf-dist/tex/latex/adjustbox/trimclip.sty
Package: trimclip 2025/02/21 v1.2a Trim and clip general TeX material
 (/usr/local/texlive/2026/texmf-dist/tex/latex/collectbox/collectbox.sty
Package: collectbox 2022/10/17 v0.4c Collect macro arguments as boxes
\collectedbox=\box55
) (/usr/local/texlive/2026/texmf-dist/tex/latex/adjustbox/adjcalc.sty
Package: adjcalc 2012/05/16 v1.1 Provides advanced setlength with multiple back-ends (calc, etex, pgfmath)
)
\tc@llx=\dimen163
\tc@lly=\dimen164
\tc@urx=\dimen165
\tc@ury=\dimen166
Package trimclip Info: Using driver 'tc-luatex.def'.
 (/usr/local/texlive/2026/texmf-dist/tex/latex/adjustbox/tc-luatex.def
File: tc-luatex.def 2025/02/26 v1.1 Clipping driver for luatex
 (/usr/local/texlive/2026/texmf-dist/tex/latex/adjustbox/tc-pdftex.def
File: tc-pdftex.def 2025/02/26 v2.3 Clipping driver for pdftex
)))
Package typearea Info: These are the values describing the layout:
(typearea)             DIV  = 10
(typearea)             BCOR = 0.0pt
(typearea)             \paperwidth      = 597.50793pt
(typearea)              \textwidth      = 418.25555pt
(typearea)              DIV departure   = -7%
(typearea)              \evensidemargin = 47.2316pt
(typearea)              \oddsidemargin  = -12.5192pt
(typearea)             \paperheight     = 845.04694pt
(typearea)              \textheight     = 595.80026pt
(typearea)              \topmargin      = -25.16531pt
(typearea)              \headheight     = 17.0pt
(typearea)              \headsep        = 20.40001pt
(typearea)              \topskip        = 11.0pt
(typearea)              \footskip       = 47.6pt
(typearea)              \baselineskip   = 13.6pt
(typearea)              on input line 364.
\g_ptxcd_marginpar_dim=\dimen167
\g_ptxcd_innerMargin_dim=\dimen168
\g_ptxcd_outerMargin_dim=\dimen169
\g_ptxcd_bottomMargin_dim=\dimen170
\g_ptxcd_topMargin_dim=\dimen171
\g_ptxcd_columnSep_dim=\dimen172
\g_ptxcd_headwidth_dim=\dimen173
\g_ptxcd_headheight_dim=\dimen174
 (/usr/local/texlive/2026/texmf-dist/tex/latex/geometry/geometry.sty
Package: geometry 2026/03/07 v6.0 Page Geometry
 (/usr/local/texlive/2026/texmf-dist/tex/generic/iftex/ifvtex.sty
Package: ifvtex 2019/10/25 v1.7 ifvtex legacy package. Use iftex instead.
)
\Gm@cnth=\count311
\Gm@cntv=\count312
\c@Gm@tempcnt=\count313
\Gm@bindingoffset=\dimen175
\Gm@wd@mp=\dimen176
\Gm@odd@mp=\dimen177
\Gm@even@mp=\dimen178
\Gm@layoutwidth=\dimen179
\Gm@layoutheight=\dimen180
\Gm@layouthoffset=\dimen181
\Gm@layoutvoffset=\dimen182
\Gm@dimlist=\toks22
)
\l__ptxcd_titlegraphic_box=\box56
\g_ptxcd_title_box=\box57
\g_ptxcd_title_fill_skip=\skip67
 (/usr/local/texlive/2026/texmf-dist/tex/latex/tuda-ci/tuda-a4paper.clo
File: tuda-a4paper.clo 2025-11-13 v4.05 tuda-ci size adjustments for a4paper
)
\g_ptxcd_title_info_box=\box58
\ptxcd_title_headline_box=\box59

Package tuda-ci Info: The tudapub class will not create PDF/A.

\g_ptxcd_sponsor_box=\box60
 (/usr/local/texlive/2026/texmf-dist/tex/latex/tuda-ci/tudathesis.cfg
\g_ptxcd_thesis_institution_box=\box61
)
\g_ptxcd_PaperID_box=\box62
) (/usr/local/texlive/2026/texmf-dist/tex/generic/babel/babel.sty
Package: babel 2026/03/08 v26.4 The multilingual framework for LuaLaTeX, pdfLaTeX and XeLaTeX
 (/usr/local/texlive/2026/texmf-dist/tex/generic/babel/luababel.def
\bbl@readstream=\read2
\l@dumylang=\language2
Package babel Info: Non-standard hyphenation setup on input line 118.
\l@nohyphenation=\language3
\l@german-x-2024-02-28=\language4
\l@ngerman-x-2024-02-28=\language5
\l@afrikaans=\language6
\l@albanian=\language7
\l@ancientgreek=\language8
\l@ibycus=\language9
\l@arabic=\language10
\l@armenian=\language11
\l@basque=\language12
\l@belarusian=\language13
\l@bulgarian=\language14
\l@catalan=\language15
\l@pinyin=\language16
\l@churchslavonic=\language17
\l@coptic=\language18
\l@croatian=\language19
\l@czech=\language20
\l@danish=\language21
\l@dutch=\language22
\l@ukenglish=\language23
\l@usenglishmax=\language24
\l@esperanto=\language25
\l@estonian=\language26
\l@ethiopic=\language27
\l@farsi=\language28
\l@finnish=\language29
\l@schoolfinnish=\language30
\l@french=\language31
\l@friulan=\language32
\l@galician=\language33
\l@georgian=\language34
\l@german=\language35
\l@ngerman=\language36
\l@swissgerman=\language37
\l@greek=\language38
\l@monogreek=\language39
\l@hebrew=\language40
\l@hungarian=\language41
\l@icelandic=\language42
\l@assamese=\language43
\l@bengali=\language44
\l@gujarati=\language45
\l@hindi=\language46
\l@kannada=\language47
\l@malayalam=\language48
\l@marathi=\language49
\l@oriya=\language50
\l@pali=\language51
\l@panjabi=\language52
\l@tamil=\language53
\l@telugu=\language54
\l@indonesian=\language55
\l@interlingua=\language56
\l@irish=\language57
\l@italian=\language58
\l@kazakh=\language59
\l@kurmanji=\language60
\l@classiclatin=\language61
\l@latin=\language62
\l@liturgicallatin=\language63
\l@latvian=\language64
\l@lithuanian=\language65
\l@macedonian=\language66
\l@mongolian=\language67
\l@mongolianlmc=\language68
\l@bokmal=\language69
\l@nynorsk=\language70
\l@occitan=\language71
\l@piedmontese=\language72
\l@polish=\language73
\l@portuguese=\language74
\l@romanian=\language75
\l@romansh=\language76
\l@russian=\language77
\l@sanskrit=\language78
\l@serbian=\language79
\l@serbianc=\language80
\l@slovak=\language81
\l@slovenian=\language82
\l@spanish=\language83
\l@swedish=\language84
\l@thai=\language85
\l@turkish=\language86
\l@turkmen=\language87
\l@ukrainian=\language88
\l@uppersorbian=\language89
\l@vietnamese=\language90
\l@welsh=\language91
\babelcatcodetablenum=\catcodetable15
\bbl@pattcodes=\catcodetable16
)
\babel@savecnt=\count314
LaTeX Encoding Info:    Redeclaring text command \ij (encoding OT1) on input line 2078.
LaTeX Encoding Info:    Redeclaring text command \IJ (encoding OT1) on input line 2080.
LaTeX Encoding Info:    Redeclaring text command \ij (encoding T1) on input line 2082.
LaTeX Encoding Info:    Redeclaring text command \IJ (encoding T1) on input line 2083.
LaTeX Encoding Info:    Ignoring declaration for text command \ij (encoding ?) on input line 2084.
LaTeX Encoding Info:    Ignoring declaration for text command \IJ (encoding ?) on input line 2086.
LaTeX Encoding Info:    Ignoring declaration for text command \SS (encoding ?) on input line 2111.
\U@D=\dimen183
\l@unhyphenated=\language92
 (/usr/local/texlive/2026/texmf-dist/tex/generic/babel/luababel.def
\bbl@attr@locale=\attribute4
) (/usr/local/texlive/2026/texmf-dist/tex/generic/babel/locale/de/babel-german.tex) (/usr/local/texlive/2026/texmf-dist/tex/generic/babel/locale/en/babel-english.tex)
Package babel Info: Importing font and identification data for german
(babel)             from babel-de.ini. Reported on input line 4330.
 (/usr/local/texlive/2026/texmf-dist/tex/generic/babel-german/german.ldf
Language: german 
 (/usr/local/texlive/2026/texmf-dist/tex/generic/babel-german/babel-german.def
Package babel Info: Making " an active character on input line 496.
 (/usr/local/texlive/2026/texmf-dist/tex/generic/hyph-utf8/loadhyph/loadhyph-de-1901.tex UTF-8 German hyphenation patterns (traditional orthography) (/usr/local/texlive/2026/texmf-dist/tex/generic/hyph-utf8/patterns/tex/hyph-de-1901.tex German Hyphenation Patterns (Traditional Orthography) `dehypht-x' 2024-02-28 (WL)))))
Package babel Info: Importing font and identification data for english
(babel)             from babel-en.ini. Reported on input line 4330.
 (/usr/local/texlive/2026/texmf-dist/tex/generic/babel-english/english.ldf
Language: english 2017/06/06 v3.3r English support from the babel system
Package babel Info: Hyphen rules for 'canadian' set to \l@english
(babel)             (\language0). Reported on input line 102.
Package babel Info: Hyphen rules for 'australian' set to \l@ukenglish
(babel)             (\language23). Reported on input line 105.
Package babel Info: Hyphen rules for 'newzealand' set to \l@ukenglish
(babel)             (\language23). Reported on input line 108.
)) (/usr/local/texlive/2026/texmf-dist/tex/latex/csquotes/csquotes.sty
Package: csquotes 2024-04-04 v5.2o context-sensitive quotations (JAW)
\csq@reset=\count315
\csq@gtype=\count316
\csq@glevel=\count317
\csq@qlevel=\count318
\csq@maxlvl=\count319
\csq@tshold=\count320
\csq@ltx@everypar=\toks23
 (/usr/local/texlive/2026/texmf-dist/tex/latex/csquotes/csquotes.def
File: csquotes.def 2024-04-04 v5.2o csquotes generic definitions (JAW)
)
Package csquotes Info: Trying to load configuration file 'csquotes.cfg'...
Package csquotes Info: ... configuration file loaded successfully.
 (/usr/local/texlive/2026/texmf-dist/tex/latex/csquotes/csquotes.cfg
File: csquotes.cfg 
)
Package csquotes Info: Enabling multilingual quotes.
) (/usr/local/texlive/2026/texmf-dist/tex/latex/microtype/microtype.sty
Package: microtype 2026/03/01 v3.2d Micro-typographical refinements (RS)
\MT@toks=\toks24
\MT@tempbox=\box63
\MT@count=\count321
LaTeX Info: Redefining \noprotrusionifhmode on input line 1084.
LaTeX Info: Redefining \leftprotrusion on input line 1085.
\MT@prot@toks=\toks25
LaTeX Info: Redefining \rightprotrusion on input line 1104.
LaTeX Info: Redefining \textls on input line 1449.
\MT@outer@kern=\dimen184
LaTeX Info: Redefining \microtypecontext on input line 2053.
LaTeX Info: Redefining \textmicrotypecontext on input line 2070.
\MT@listname@count=\count322
 (/usr/local/texlive/2026/texmf-dist/tex/latex/microtype/microtype-luatex.def
File: microtype-luatex.def 2026/03/01 v3.2d Definitions specific to luatex (RS)
Lua module: microtype 2026/03/01 v3.2d microtype module.
Module microtype Info: overwriting function `keepligature' on input line 63
LaTeX Info: Redefining \lsstyle on input line 779.
LaTeX Info: Redefining \lslig on input line 779.
\MT@outer@space=\skip68
)
Package microtype Info: Loading configuration file microtype.cfg.
 (/usr/local/texlive/2026/texmf-dist/tex/latex/microtype/microtype.cfg
File: microtype.cfg 2026/03/01 v3.2d microtype main configuration file (RS)
)
LaTeX Info: Redefining \microtypesetup on input line 3065.
) (/usr/local/texlive/2026/texmf-dist/tex/latex/biblatex/biblatex.sty
Package: biblatex 2025/07/10 v3.21 programmable bibliographies (PK/MW)
 (/usr/local/texlive/2026/texmf-dist/tex/latex/logreq/logreq.sty
Package: logreq 2010/08/04 v1.0 xml request logger
\lrq@indent=\count323
 (/usr/local/texlive/2026/texmf-dist/tex/latex/logreq/logreq.def
File: logreq.def 2010/08/04 v1.0 logreq spec v1.0
)) (/usr/local/texlive/2026/texmf-dist/tex/latex/base/ifthen.sty
Package: ifthen 2024/03/16 v1.1e Standard LaTeX ifthen package (DPC)
)
\c@tabx@nest=\count324
\c@listtotal=\count325
\c@listcount=\count326
\c@liststart=\count327
\c@liststop=\count328
\c@citecount=\count329
\c@citetotal=\count330
\c@multicitecount=\count331
\c@multicitetotal=\count332
\c@instcount=\count333
\c@maxnames=\count334
\c@minnames=\count335
\c@maxitems=\count336
\c@minitems=\count337
\c@citecounter=\count338
\c@maxcitecounter=\count339
\c@savedcitecounter=\count340
\c@uniquelist=\count341
\c@uniquename=\count342
\c@refsection=\count343
\c@refsegment=\count344
\c@maxextratitle=\count345
\c@maxextratitleyear=\count346
\c@maxextraname=\count347
\c@maxextradate=\count348
\c@maxextraalpha=\count349
\c@abbrvpenalty=\count350
\c@highnamepenalty=\count351
\c@lownamepenalty=\count352
\c@maxparens=\count353
\c@parenlevel=\count354
\blx@tempcnta=\count355
\blx@tempcntb=\count356
\blx@tempcntc=\count357
\c@blx@maxsection=\count358
\blx@maxsegment@0=\count359
\blx@notetype=\count360
\blx@parenlevel@text=\count361
\blx@parenlevel@foot=\count362
\blx@sectionciteorder@0=\count363
\blx@sectionciteorderinternal@0=\count364
\blx@entrysetcounter=\count365
\blx@biblioinstance=\count366
\labelnumberwidth=\skip69
\labelalphawidth=\skip70
\biblabelsep=\skip71
\bibitemsep=\skip72
\bibnamesep=\skip73
\bibinitsep=\skip74
\bibparsep=\skip75
\bibhang=\skip76
\blx@bcfin=\read3
\blx@bcfout=\write3
\blx@langwohyphens=\language93
\c@mincomprange=\count367
\c@maxcomprange=\count368
\c@mincompwidth=\count369
Package biblatex Info: Trying to load biblatex default data model...
Package biblatex Info: ... file 'blx-dm.def' found.
 (/usr/local/texlive/2026/texmf-dist/tex/latex/biblatex/blx-dm.def
File: blx-dm.def 2025/07/10 v3.21 biblatex datamodel (PK/MW)
)
Package biblatex Info: Trying to load biblatex custom data model...
Package biblatex Info: ... file 'biblatex-dm.cfg' not found.
\c@afterword=\count370
\c@savedafterword=\count371
\c@annotator=\count372
\c@savedannotator=\count373
\c@author=\count374
\c@savedauthor=\count375
\c@bookauthor=\count376
\c@savedbookauthor=\count377
\c@commentator=\count378
\c@savedcommentator=\count379
\c@editor=\count380
\c@savededitor=\count381
\c@editora=\count382
\c@savededitora=\count383
\c@editorb=\count384
\c@savededitorb=\count385
\c@editorc=\count386
\c@savededitorc=\count387
\c@foreword=\count388
\c@savedforeword=\count389
\c@holder=\count390
\c@savedholder=\count391
\c@introduction=\count392
\c@savedintroduction=\count393
\c@namea=\count394
\c@savednamea=\count395
\c@nameb=\count396
\c@savednameb=\count397
\c@namec=\count398
\c@savednamec=\count399
\c@translator=\count400
\c@savedtranslator=\count401
\c@shortauthor=\count402
\c@savedshortauthor=\count403
\c@shorteditor=\count404
\c@savedshorteditor=\count405
\c@labelname=\count406
\c@savedlabelname=\count407
\c@institution=\count408
\c@savedinstitution=\count409
\c@lista=\count410
\c@savedlista=\count411
\c@listb=\count412
\c@savedlistb=\count413
\c@listc=\count414
\c@savedlistc=\count415
\c@listd=\count416
\c@savedlistd=\count417
\c@liste=\count418
\c@savedliste=\count419
\c@listf=\count420
\c@savedlistf=\count421
\c@location=\count422
\c@savedlocation=\count423
\c@organization=\count424
\c@savedorganization=\count425
\c@origlocation=\count426
\c@savedoriglocation=\count427
\c@origpublisher=\count428
\c@savedorigpublisher=\count429
\c@publisher=\count430
\c@savedpublisher=\count431
\c@language=\count432
\c@savedlanguage=\count433
\c@origlanguage=\count434
\c@savedoriglanguage=\count435
\c@pageref=\count436
\c@savedpageref=\count437
\shorthandwidth=\skip77
\shortjournalwidth=\skip78
\shortserieswidth=\skip79
\shorttitlewidth=\skip80
\shortauthorwidth=\skip81
\shorteditorwidth=\skip82
\locallabelnumberwidth=\skip83
\locallabelalphawidth=\skip84
\localshorthandwidth=\skip85
\localshortjournalwidth=\skip86
\localshortserieswidth=\skip87
\localshorttitlewidth=\skip88
\localshortauthorwidth=\skip89
\localshorteditorwidth=\skip90
Package biblatex Info: Trying to load enhanced support for Unicode engines...
Package biblatex Info: ... file 'blx-unicode.def' found.
 (/usr/local/texlive/2026/texmf-dist/tex/latex/biblatex/blx-unicode.def)
Package biblatex Info: Trying to load compatibility code...
Package biblatex Info: ... file 'blx-compat.def' found.
 (/usr/local/texlive/2026/texmf-dist/tex/latex/biblatex/blx-compat.def
File: blx-compat.def 2025/07/10 v3.21 biblatex compatibility (PK/MW)
)
Package biblatex Info: Trying to load generic definitions...
Package biblatex Info: ... file 'biblatex.def' found.
 (/usr/local/texlive/2026/texmf-dist/tex/latex/biblatex/biblatex.def
File: biblatex.def 2025/07/10 v3.21 biblatex compatibility (PK/MW)
\c@textcitecount=\count438
\c@textcitetotal=\count439
\c@textcitemaxnames=\count440
\c@biburlbigbreakpenalty=\count441
\c@biburlbreakpenalty=\count442
\c@biburlnumpenalty=\count443
\c@biburlucpenalty=\count444
\c@biburllcpenalty=\count445
\biburlbigskip=\muskip18
\biburlnumskip=\muskip19
\biburlucskip=\muskip20
\biburllcskip=\muskip21
\c@smartand=\count446
)
Package biblatex Info: Trying to load bibliography style 'numeric'...
Package biblatex Info: ... file 'numeric.bbx' found.
 (/usr/local/texlive/2026/texmf-dist/tex/latex/biblatex/bbx/numeric.bbx
File: numeric.bbx 2025/07/10 v3.21 biblatex bibliography style (PK/MW)
Package biblatex Info: Trying to load bibliography style 'standard'...
Package biblatex Info: ... file 'standard.bbx' found.
 (/usr/local/texlive/2026/texmf-dist/tex/latex/biblatex/bbx/standard.bbx
File: standard.bbx 2025/07/10 v3.21 biblatex bibliography style (PK/MW)
\c@bbx:relatedcount=\count447
\c@bbx:relatedtotal=\count448
))
Package biblatex Info: Trying to load citation style 'numeric'...
Package biblatex Info: ... file 'numeric.cbx' found.
 (/usr/local/texlive/2026/texmf-dist/tex/latex/biblatex/cbx/numeric.cbx
File: numeric.cbx 2025/07/10 v3.21 biblatex citation style (PK/MW)
Package biblatex Info: Redefining '\cite'.
Package biblatex Info: Redefining '\parencite'.
Package biblatex Info: Redefining '\footcite'.
Package biblatex Info: Redefining '\footcitetext'.
Package biblatex Info: Redefining '\smartcite'.
Package biblatex Info: Redefining '\supercite'.
Package biblatex Info: Redefining '\textcite'.
Package biblatex Info: Redefining '\textcites'.
Package biblatex Info: Redefining '\cites'.
Package biblatex Info: Redefining '\parencites'.
Package biblatex Info: Redefining '\smartcites'.
)
Package biblatex Info: Trying to load configuration file...
Package biblatex Info: ... file 'biblatex.cfg' found.
 (/usr/local/texlive/2026/texmf-dist/tex/latex/biblatex/biblatex.cfg
File: biblatex.cfg 
)
Package biblatex Info: LuaTeX detected.
(biblatex)             Assuming input encoding 'utf8'.
Package biblatex Info: Document encoding is UTF8 ....
Package biblatex Info: ... and expl3
(biblatex)             2026-01-19 L3 programming layer (loader) 
(biblatex)             is new enough (at least 2020/04/06),
(biblatex)             setting 'casechanger=expl3'.
 (/usr/local/texlive/2026/texmf-dist/tex/latex/biblatex/blx-case-expl3.sty
Package: blx-case-expl3 2025/07/10 v3.21 expl3 case changing code for biblatex
)) (/usr/local/texlive/2026/texmf-dist/tex/latex/tools/tabularx.sty
Package: tabularx 2023/12/11 v2.12a `tabularx' package (DPC)
 (/usr/local/texlive/2026/texmf-dist/tex/latex/tools/array.sty
Package: array 2025/09/25 v2.6n Tabular extension package (FMi)
\col@sep=\dimen185
\ar@mcellbox=\box64
\extrarowheight=\dimen186
\NC@list=\toks26
\extratabsurround=\skip91
\backup@length=\skip92
\ar@cellbox=\box65
)
\TX@col@width=\dimen187
\TX@old@table=\dimen188
\TX@old@col=\dimen189
\TX@target=\dimen190
\TX@delta=\dimen191
\TX@cols=\count449
\TX@ftn=\toks27
) (/usr/local/texlive/2026/texmf-dist/tex/latex/booktabs/booktabs.sty
Package: booktabs 2020/01/12 v1.61803398 Publication quality tables
\heavyrulewidth=\dimen192
\lightrulewidth=\dimen193
\cmidrulewidth=\dimen194
\belowrulesep=\dimen195
\belowbottomsep=\dimen196
\aboverulesep=\dimen197
\abovetopsep=\dimen198
\cmidrulesep=\dimen199
\cmidrulekern=\dimen256
\defaultaddspace=\dimen257
\@cmidla=\count450
\@cmidlb=\count451
\@aboverulesep=\dimen258
\@belowrulesep=\dimen259
\@thisruleclass=\count452
\@lastruleclass=\count453
\@thisrulewidth=\dimen260
) (/usr/local/texlive/2026/texmf-dist/tex/latex/mathtools/mathtools.sty
Package: mathtools 2024/10/04 v1.31 mathematical typesetting tools
 (/usr/local/texlive/2026/texmf-dist/tex/latex/tools/calc.sty
Package: calc 2025/03/01 v4.3b Infix arithmetic (KKT,FJ)
\calc@Acount=\count454
\calc@Bcount=\count455
\calc@Adimen=\dimen261
\calc@Bdimen=\dimen262
\calc@Askip=\skip93
\calc@Bskip=\skip94
LaTeX Info: Redefining \setlength on input line 86.
LaTeX Info: Redefining \addtolength on input line 87.
\calc@Ccount=\count456
\calc@Cskip=\skip95
) (/usr/local/texlive/2026/texmf-dist/tex/latex/mathtools/mhsetup.sty
Package: mhsetup 2021/03/18 v1.4 programming setup (MH)
) (/usr/local/texlive/2026/texmf-dist/tex/latex/amsmath/amsmath.sty
Package: amsmath 2025/07/09 v2.17z AMS math features
\@mathmargin=\skip96

For additional information on amsmath, use the `?' option.
(/usr/local/texlive/2026/texmf-dist/tex/latex/amsmath/amstext.sty
Package: amstext 2024/11/17 v2.01 AMS text
 (/usr/local/texlive/2026/texmf-dist/tex/latex/amsmath/amsgen.sty
File: amsgen.sty 1999/11/30 v2.0 generic functions
\@emptytoks=\toks28
\ex@=\dimen263
)) (/usr/local/texlive/2026/texmf-dist/tex/latex/amsmath/amsbsy.sty
Package: amsbsy 1999/11/29 v1.2d Bold Symbols
\pmbraise@=\dimen264
) (/usr/local/texlive/2026/texmf-dist/tex/latex/amsmath/amsopn.sty
Package: amsopn 2022/04/08 v2.04 operator names
)
\inf@bad=\count457
LaTeX Info: Redefining \frac on input line 235.
\uproot@=\count458
\leftroot@=\count459
LaTeX Info: Redefining \overline on input line 398.
LaTeX Info: Redefining \colon on input line 409.
\classnum@=\count460
\DOTSCASE@=\count461
LaTeX Info: Redefining \ldots on input line 495.
LaTeX Info: Redefining \dots on input line 498.
LaTeX Info: Redefining \cdots on input line 619.
\Mathstrutbox@=\box66
\strutbox@=\box67
LaTeX Info: Redefining \big on input line 721.
LaTeX Info: Redefining \Big on input line 722.
LaTeX Info: Redefining \bigg on input line 723.
LaTeX Info: Redefining \Bigg on input line 724.
\big@size=\dimen265
LaTeX Font Info:    Redeclaring font encoding OML on input line 742.
LaTeX Font Info:    Redeclaring font encoding OMS on input line 743.
\macc@depth=\count462
LaTeX Info: Redefining \bmod on input line 904.
LaTeX Info: Redefining \pmod on input line 909.
LaTeX Info: Redefining \smash on input line 939.
LaTeX Info: Redefining \relbar on input line 969.
LaTeX Info: Redefining \Relbar on input line 970.
\c@MaxMatrixCols=\count463
\dotsspace@=\muskip22
\c@parentequation=\count464
\dspbrk@lvl=\count465
\tag@help=\toks29
\row@=\count466
\column@=\count467
\maxfields@=\count468
\andhelp@=\toks30
\eqnshift@=\dimen266
\alignsep@=\dimen267
\tagshift@=\dimen268
\tagwidth@=\dimen269
\totwidth@=\dimen270
\lineht@=\dimen271
\@envbody=\toks31
\multlinegap=\skip97
\multlinetaggap=\skip98
\mathdisplay@stack=\toks32
LaTeX Info: Redefining \[ on input line 2950.
LaTeX Info: Redefining \] on input line 2951.
)
\g_MT_multlinerow_int=\count469
\l_MT_multwidth_dim=\dimen272
\origjot=\skip99
\l_MT_shortvdotswithinadjustabove_dim=\dimen273
\l_MT_shortvdotswithinadjustbelow_dim=\dimen274
\l_MT_above_intertext_sep=\dimen275
\l_MT_below_intertext_sep=\dimen276
\l_MT_above_shortintertext_sep=\dimen277
\l_MT_below_shortintertext_sep=\dimen278
\xmathstrut@box=\box68
\xmathstrut@dim=\dimen279
) (/usr/local/texlive/2026/texmf-dist/tex/latex/amsfonts/amssymb.sty
Package: amssymb 2013/01/14 v3.01 AMS font symbols
 (/usr/local/texlive/2026/texmf-dist/tex/latex/amsfonts/amsfonts.sty
Package: amsfonts 2013/01/14 v3.01 Basic AMSFonts support
\symAMSa=\mathgroup4
\symAMSb=\mathgroup5
LaTeX Font Info:    Redeclaring math symbol \hbar on input line 98.
LaTeX Font Info:    Overwriting math alphabet `\mathfrak' in version `bold'
(Font)                  U/euf/m/n --> U/euf/b/n on input line 106.
)) (/usr/local/texlive/2026/texmf-dist/tex/latex/siunitx/siunitx.sty
Package: siunitx 2025-07-09 v3.4.14 A comprehensive (SI) units package
\l__siunitx_number_uncert_offset_int=\count470
\l__siunitx_number_exponent_fixed_int=\count471
\l__siunitx_number_min_decimal_int=\count472
\l__siunitx_number_min_integer_int=\count473
\l__siunitx_number_round_precision_int=\count474
\l__siunitx_number_lower_threshold_int=\count475
\l__siunitx_number_upper_threshold_int=\count476
\l__siunitx_number_group_first_int=\count477
\l__siunitx_number_group_size_int=\count478
\l__siunitx_number_group_minimum_int=\count479
\l__siunitx_angle_tmp_dim=\dimen280
\l__siunitx_angle_marker_box=\box69
\l__siunitx_angle_unit_box=\box70
\l__siunitx_compound_count_int=\count480
 (/usr/local/texlive/2026/texmf-dist/tex/latex/translations/translations.sty
Package: translations 2022/02/05 v1.12 internationalization of LaTeX2e packages (CN)
)
\l__siunitx_table_tmp_box=\box71
\l__siunitx_table_tmp_dim=\dimen281
\l__siunitx_table_column_width_dim=\dimen282
\l__siunitx_table_integer_box=\box72
\l__siunitx_table_decimal_box=\box73
\l__siunitx_table_uncert_box=\box74
\l__siunitx_table_before_box=\box75
\l__siunitx_table_after_box=\box76
\l__siunitx_table_before_dim=\dimen283
\l__siunitx_table_carry_dim=\dimen284
\l__siunitx_unit_tmp_int=\count481
\l__siunitx_unit_position_int=\count482
\l__siunitx_unit_total_int=\count483
) (/usr/local/texlive/2026/texmf-dist/tex/latex/algorithm2e/algorithm2e.sty
Package: algorithm2e 2017/07/18 v5.2 algorithms environments
\c@AlgoLine=\count484
\algocf@hangindent=\skip100
 (/usr/local/texlive/2026/texmf-dist/tex/latex/ifoddpage/ifoddpage.sty
Package: ifoddpage 2022/10/18 v1.2 Conditionals for odd/even page detection
\c@checkoddpage=\count485
) (/usr/local/texlive/2026/texmf-dist/tex/latex/tools/xspace.sty
Package: xspace 2014/10/28 v1.13 Space after command names (DPC,MH)
) (/usr/local/texlive/2026/texmf-dist/tex/latex/relsize/relsize.sty
Package: relsize 2013/03/29 ver 4.1
)
\skiptotal=\skip101
\skiplinenumber=\skip102
\skiprule=\skip103
\skiphlne=\skip104
\skiptext=\skip105
\skiplength=\skip106
\algomargin=\skip107
\skipalgocfslide=\skip108
\algowidth=\dimen285
\inoutsize=\dimen286
\inoutindent=\dimen287
\interspacetitleruled=\dimen288
\interspacealgoruled=\dimen289
\interspacetitleboxruled=\dimen290
\algocf@ruledwidth=\skip109
\algocf@inoutbox=\box77
\algocf@inputbox=\box78
\AlCapSkip=\skip110
\AlCapHSkip=\skip111
\algoskipindent=\skip112
\algocf@nlbox=\box79
\algocf@hangingbox=\box80
\algocf@untilbox=\box81
\algocf@skipuntil=\skip113
\algocf@capbox=\box82
\algocf@lcaptionbox=\skip114
\algoheightruledefault=\skip115
\algoheightrule=\skip116
\algotitleheightruledefault=\skip117
\algotitleheightrule=\skip118
\c@algocfline=\count486
\c@algocfproc=\count487
\c@algocf=\count488
\algocf@algoframe=\box83
\algocf@algobox=\box84
) (/usr/local/texlive/2026/texmf-dist/tex/latex/tuda-ci/tuda-pgfplots.sty
Package: tuda-pgfplots 2025-11-13 v4.05 tuda-ci pgfplots color schemes
 (/usr/local/texlive/2026/texmf-dist/tex/latex/pgfplots/pgfplots.sty (/usr/local/texlive/2026/texmf-dist/tex/generic/pgfplots/pgfplots.revision.tex)
Package: pgfplots 2025/08/14 v1.18.2 Data Visualization (1.18.2)
 (/usr/local/texlive/2026/texmf-dist/tex/latex/pgf/frontendlayer/tikz.sty (/usr/local/texlive/2026/texmf-dist/tex/latex/pgf/basiclayer/pgf.sty (/usr/local/texlive/2026/texmf-dist/tex/latex/pgf/utilities/pgfrcs.sty (/usr/local/texlive/2026/texmf-dist/tex/generic/pgf/utilities/pgfutil-common.tex
\pgfutil@everybye=\toks33
\pgfutil@tempdima=\dimen291
\pgfutil@tempdimb=\dimen292
) (/usr/local/texlive/2026/texmf-dist/tex/generic/pgf/utilities/pgfutil-latex.def
\pgfutil@abb=\box85
) (/usr/local/texlive/2026/texmf-dist/tex/generic/pgf/utilities/pgfrcs.code.tex (/usr/local/texlive/2026/texmf-dist/tex/generic/pgf/pgf.revision.tex)
Package: pgfrcs 2025-08-29 v3.1.11a (3.1.11a)
))
Package: pgf 2025-08-29 v3.1.11a (3.1.11a)
 (/usr/local/texlive/2026/texmf-dist/tex/latex/pgf/basiclayer/pgfcore.sty (/usr/local/texlive/2026/texmf-dist/tex/latex/pgf/systemlayer/pgfsys.sty (/usr/local/texlive/2026/texmf-dist/tex/generic/pgf/systemlayer/pgfsys.code.tex
Package: pgfsys 2025-08-29 v3.1.11a (3.1.11a)
 (/usr/local/texlive/2026/texmf-dist/tex/generic/pgf/utilities/pgfkeys.code.tex
\pgfkeys@pathtoks=\toks34
\pgfkeys@temptoks=\toks35
 (/usr/local/texlive/2026/texmf-dist/tex/generic/pgf/utilities/pgfkeyslibraryfiltered.code.tex
\pgfkeys@tmptoks=\toks36
))
\pgf@x=\dimen293
\pgf@y=\dimen294
\pgf@xa=\dimen295
\pgf@ya=\dimen296
\pgf@xb=\dimen297
\pgf@yb=\dimen298
\pgf@xc=\dimen299
\pgf@yc=\dimen300
\pgf@xd=\dimen301
\pgf@yd=\dimen302
\w@pgf@writea=\write4
\r@pgf@reada=\read4
\c@pgf@counta=\count489
\c@pgf@countb=\count490
\c@pgf@countc=\count491
\c@pgf@countd=\count492
\t@pgf@toka=\toks37
\t@pgf@tokb=\toks38
\t@pgf@tokc=\toks39
\pgf@sys@id@count=\count493
 (/usr/local/texlive/2026/texmf-dist/tex/generic/pgf/systemlayer/pgf.cfg
File: pgf.cfg 2025-08-29 v3.1.11a (3.1.11a)
)
Driver file for pgf: pgfsys-luatex.def
 (/usr/local/texlive/2026/texmf-dist/tex/generic/pgf/systemlayer/pgfsys-luatex.def
File: pgfsys-luatex.def 2025-08-29 v3.1.11a (3.1.11a)
 (/usr/local/texlive/2026/texmf-dist/tex/generic/pgf/systemlayer/pgfsys-common-pdf.def
File: pgfsys-common-pdf.def 2025-08-29 v3.1.11a (3.1.11a)
))) (/usr/local/texlive/2026/texmf-dist/tex/generic/pgf/systemlayer/pgfsyssoftpath.code.tex
File: pgfsyssoftpath.code.tex 2025-08-29 v3.1.11a (3.1.11a)
\pgfsyssoftpath@smallbuffer@items=\count494
\pgfsyssoftpath@bigbuffer@items=\count495
) (/usr/local/texlive/2026/texmf-dist/tex/generic/pgf/systemlayer/pgfsysprotocol.code.tex
File: pgfsysprotocol.code.tex 2025-08-29 v3.1.11a (3.1.11a)
)) (/usr/local/texlive/2026/texmf-dist/tex/generic/pgf/basiclayer/pgfcore.code.tex
Package: pgfcore 2025-08-29 v3.1.11a (3.1.11a)
 (/usr/local/texlive/2026/texmf-dist/tex/generic/pgf/math/pgfmath.code.tex (/usr/local/texlive/2026/texmf-dist/tex/generic/pgf/math/pgfmathutil.code.tex) (/usr/local/texlive/2026/texmf-dist/tex/generic/pgf/math/pgfmathparser.code.tex
\pgfmath@dimen=\dimen303
\pgfmath@count=\count496
\pgfmath@box=\box86
\pgfmath@toks=\toks40
\pgfmath@stack@operand=\toks41
\pgfmath@stack@operation=\toks42
) (/usr/local/texlive/2026/texmf-dist/tex/generic/pgf/math/pgfmathfunctions.code.tex) (/usr/local/texlive/2026/texmf-dist/tex/generic/pgf/math/pgfmathfunctions.basic.code.tex) (/usr/local/texlive/2026/texmf-dist/tex/generic/pgf/math/pgfmathfunctions.trigonometric.code.tex) (/usr/local/texlive/2026/texmf-dist/tex/generic/pgf/math/pgfmathfunctions.random.code.tex) (/usr/local/texlive/2026/texmf-dist/tex/generic/pgf/math/pgfmathfunctions.comparison.code.tex) (/usr/local/texlive/2026/texmf-dist/tex/generic/pgf/math/pgfmathfunctions.base.code.tex) (/usr/local/texlive/2026/texmf-dist/tex/generic/pgf/math/pgfmathfunctions.round.code.tex) (/usr/local/texlive/2026/texmf-dist/tex/generic/pgf/math/pgfmathfunctions.misc.code.tex) (/usr/local/texlive/2026/texmf-dist/tex/generic/pgf/math/pgfmathfunctions.integerarithmetics.code.tex) (/usr/local/texlive/2026/texmf-dist/tex/generic/pgf/math/pgfmathcalc.code.tex) (/usr/local/texlive/2026/texmf-dist/tex/generic/pgf/math/pgfmathfloat.code.tex
\c@pgfmathroundto@lastzeros=\count497
)) (/usr/local/texlive/2026/texmf-dist/tex/generic/pgf/math/pgfint.code.tex) (/usr/local/texlive/2026/texmf-dist/tex/generic/pgf/basiclayer/pgfcorepoints.code.tex
File: pgfcorepoints.code.tex 2025-08-29 v3.1.11a (3.1.11a)
\pgf@picminx=\dimen304
\pgf@picmaxx=\dimen305
\pgf@picminy=\dimen306
\pgf@picmaxy=\dimen307
\pgf@pathminx=\dimen308
\pgf@pathmaxx=\dimen309
\pgf@pathminy=\dimen310
\pgf@pathmaxy=\dimen311
\pgf@xx=\dimen312
\pgf@xy=\dimen313
\pgf@yx=\dimen314
\pgf@yy=\dimen315
\pgf@zx=\dimen316
\pgf@zy=\dimen317
) (/usr/local/texlive/2026/texmf-dist/tex/generic/pgf/basiclayer/pgfcorepathconstruct.code.tex
File: pgfcorepathconstruct.code.tex 2025-08-29 v3.1.11a (3.1.11a)
\pgf@path@lastx=\dimen318
\pgf@path@lasty=\dimen319
) (/usr/local/texlive/2026/texmf-dist/tex/generic/pgf/basiclayer/pgfcorepathusage.code.tex
File: pgfcorepathusage.code.tex 2025-08-29 v3.1.11a (3.1.11a)
\pgf@shorten@end@additional=\dimen320
\pgf@shorten@start@additional=\dimen321
) (/usr/local/texlive/2026/texmf-dist/tex/generic/pgf/basiclayer/pgfcorescopes.code.tex
File: pgfcorescopes.code.tex 2025-08-29 v3.1.11a (3.1.11a)
\pgfpic=\box87
\pgf@hbox=\box88
\pgf@layerbox@main=\box89
\pgf@picture@serial@count=\count498
) (/usr/local/texlive/2026/texmf-dist/tex/generic/pgf/basiclayer/pgfcoregraphicstate.code.tex
File: pgfcoregraphicstate.code.tex 2025-08-29 v3.1.11a (3.1.11a)
\pgflinewidth=\dimen322
) (/usr/local/texlive/2026/texmf-dist/tex/generic/pgf/basiclayer/pgfcoretransformations.code.tex
File: pgfcoretransformations.code.tex 2025-08-29 v3.1.11a (3.1.11a)
\pgf@pt@x=\dimen323
\pgf@pt@y=\dimen324
\pgf@pt@temp=\dimen325
) (/usr/local/texlive/2026/texmf-dist/tex/generic/pgf/basiclayer/pgfcorequick.code.tex
File: pgfcorequick.code.tex 2025-08-29 v3.1.11a (3.1.11a)
) (/usr/local/texlive/2026/texmf-dist/tex/generic/pgf/basiclayer/pgfcoreobjects.code.tex
File: pgfcoreobjects.code.tex 2025-08-29 v3.1.11a (3.1.11a)
) (/usr/local/texlive/2026/texmf-dist/tex/generic/pgf/basiclayer/pgfcorepathprocessing.code.tex
File: pgfcorepathprocessing.code.tex 2025-08-29 v3.1.11a (3.1.11a)
) (/usr/local/texlive/2026/texmf-dist/tex/generic/pgf/basiclayer/pgfcorearrows.code.tex
File: pgfcorearrows.code.tex 2025-08-29 v3.1.11a (3.1.11a)
\pgfarrowsep=\dimen326
) (/usr/local/texlive/2026/texmf-dist/tex/generic/pgf/basiclayer/pgfcoreshade.code.tex
File: pgfcoreshade.code.tex 2025-08-29 v3.1.11a (3.1.11a)
\pgf@max=\dimen327
\pgf@sys@shading@range@num=\count499
\pgf@shadingcount=\count500
) (/usr/local/texlive/2026/texmf-dist/tex/generic/pgf/basiclayer/pgfcoreimage.code.tex
File: pgfcoreimage.code.tex 2025-08-29 v3.1.11a (3.1.11a)
) (/usr/local/texlive/2026/texmf-dist/tex/generic/pgf/basiclayer/pgfcoreexternal.code.tex
File: pgfcoreexternal.code.tex 2025-08-29 v3.1.11a (3.1.11a)
\pgfexternal@startupbox=\box90
) (/usr/local/texlive/2026/texmf-dist/tex/generic/pgf/basiclayer/pgfcorelayers.code.tex
File: pgfcorelayers.code.tex 2025-08-29 v3.1.11a (3.1.11a)
) (/usr/local/texlive/2026/texmf-dist/tex/generic/pgf/basiclayer/pgfcoretransparency.code.tex
File: pgfcoretransparency.code.tex 2025-08-29 v3.1.11a (3.1.11a)
) (/usr/local/texlive/2026/texmf-dist/tex/generic/pgf/basiclayer/pgfcorepatterns.code.tex
File: pgfcorepatterns.code.tex 2025-08-29 v3.1.11a (3.1.11a)
) (/usr/local/texlive/2026/texmf-dist/tex/generic/pgf/basiclayer/pgfcorerdf.code.tex
File: pgfcorerdf.code.tex 2025-08-29 v3.1.11a (3.1.11a)
))) (/usr/local/texlive/2026/texmf-dist/tex/generic/pgf/modules/pgfmoduleshapes.code.tex
File: pgfmoduleshapes.code.tex 2025-08-29 v3.1.11a (3.1.11a)
\pgfnodeparttextbox=\box91
) (/usr/local/texlive/2026/texmf-dist/tex/generic/pgf/modules/pgfmoduleplot.code.tex
File: pgfmoduleplot.code.tex 2025-08-29 v3.1.11a (3.1.11a)
) (/usr/local/texlive/2026/texmf-dist/tex/latex/pgf/compatibility/pgfcomp-version-0-65.sty
Package: pgfcomp-version-0-65 2025-08-29 v3.1.11a (3.1.11a)
\pgf@nodesepstart=\dimen328
\pgf@nodesepend=\dimen329
) (/usr/local/texlive/2026/texmf-dist/tex/latex/pgf/compatibility/pgfcomp-version-1-18.sty
Package: pgfcomp-version-1-18 2025-08-29 v3.1.11a (3.1.11a)
)) (/usr/local/texlive/2026/texmf-dist/tex/latex/pgf/utilities/pgffor.sty (/usr/local/texlive/2026/texmf-dist/tex/latex/pgf/utilities/pgfkeys.sty (/usr/local/texlive/2026/texmf-dist/tex/generic/pgf/utilities/pgfkeys.code.tex)) (/usr/local/texlive/2026/texmf-dist/tex/latex/pgf/math/pgfmath.sty (/usr/local/texlive/2026/texmf-dist/tex/generic/pgf/math/pgfmath.code.tex)) (/usr/local/texlive/2026/texmf-dist/tex/generic/pgf/utilities/pgffor.code.tex
Package: pgffor 2025-08-29 v3.1.11a (3.1.11a)
\pgffor@iter=\dimen330
\pgffor@skip=\dimen331
\pgffor@stack=\toks43
\pgffor@toks=\toks44
)) (/usr/local/texlive/2026/texmf-dist/tex/generic/pgf/frontendlayer/tikz/tikz.code.tex
Package: tikz 2025-08-29 v3.1.11a (3.1.11a)
 (/usr/local/texlive/2026/texmf-dist/tex/generic/pgf/libraries/pgflibraryplothandlers.code.tex
File: pgflibraryplothandlers.code.tex 2025-08-29 v3.1.11a (3.1.11a)
\pgf@plot@mark@count=\count501
\pgfplotmarksize=\dimen332
)
\tikz@lastx=\dimen333
\tikz@lasty=\dimen334
\tikz@lastxsaved=\dimen335
\tikz@lastysaved=\dimen336
\tikz@lastmovetox=\dimen337
\tikz@lastmovetoy=\dimen338
\tikzleveldistance=\dimen339
\tikzsiblingdistance=\dimen340
\tikz@figbox=\box92
\tikz@figbox@bg=\box93
\tikz@tempbox=\box94
\tikz@tempbox@bg=\box95
\tikztreelevel=\count502
\tikznumberofchildren=\count503
\tikznumberofcurrentchild=\count504
\tikz@fig@count=\count505
 (/usr/local/texlive/2026/texmf-dist/tex/generic/pgf/modules/pgfmodulematrix.code.tex
File: pgfmodulematrix.code.tex 2025-08-29 v3.1.11a (3.1.11a)
\pgfmatrixcurrentrow=\count506
\pgfmatrixcurrentcolumn=\count507
\pgf@matrix@numberofcolumns=\count508
)
\tikz@expandcount=\count509
 (/usr/local/texlive/2026/texmf-dist/tex/generic/pgf/frontendlayer/tikz/libraries/tikzlibrarytopaths.code.tex
File: tikzlibrarytopaths.code.tex 2025-08-29 v3.1.11a (3.1.11a)
))) (/usr/local/texlive/2026/texmf-dist/tex/generic/pgfplots/pgfplots.code.tex (/usr/local/texlive/2026/texmf-dist/tex/generic/pgfplots/pgfplotscore.code.tex
Package pgfplots info on input line 124: Initializing with LUA version Lua 5.3
\pgfplots@luabackend@table=\catcodetable17
\t@pgfplots@toka=\toks45
\t@pgfplots@tokb=\toks46
\t@pgfplots@tokc=\toks47
\pgfplots@tmpa=\dimen341
\c@pgfplots@coordindex=\count510
\c@pgfplots@scanlineindex=\count511
 (/usr/local/texlive/2026/texmf-dist/tex/generic/pgfplots/sys/pgfplotssysgeneric.code.tex)) (/usr/local/texlive/2026/texmf-dist/tex/generic/pgfplots/libs/pgfplotslibrary.code.tex) (/usr/local/texlive/2026/texmf-dist/tex/generic/pgfplots/oldpgfcompatib/pgfplotsoldpgfsupp_loader.code.tex (/usr/local/texlive/2026/texmf-dist/tex/generic/pgf/libraries/pgflibraryfpu.code.tex) (/usr/local/texlive/2026/texmf-dist/tex/generic/pgfplots/oldpgfcompatib/pgfplotsoldpgfsupp_pgfutil-common-lists.tex) (/usr/local/texlive/2026/texmf-dist/tex/generic/pgf/libraries/luamath/pgflibraryluamath.code.tex)
Package pgfplots info on input line 292: luamath library shipped with pgf 3.1.11a is up-to-date
) (/usr/local/texlive/2026/texmf-dist/tex/generic/pgfplots/util/pgfplotsutil.code.tex
Package pgfplots info on input line 82: Found new luatex: initializing lua commands instead of write18 (shell-escape)
 (/usr/local/texlive/2026/texmf-dist/tex/generic/pgfplots/liststructure/pgfplotsliststructure.code.tex) (/usr/local/texlive/2026/texmf-dist/tex/generic/pgfplots/liststructure/pgfplotsliststructureext.code.tex) (/usr/local/texlive/2026/texmf-dist/tex/generic/pgfplots/liststructure/pgfplotsarray.code.tex
\c@pgfplotsarray@tmp=\count512
) (/usr/local/texlive/2026/texmf-dist/tex/generic/pgfplots/liststructure/pgfplotsmatrix.code.tex) (/usr/local/texlive/2026/texmf-dist/tex/generic/pgfplots/numtable/pgfplotstableshared.code.tex
\c@pgfplotstable@counta=\count513
\t@pgfplotstable@a=\toks48
) (/usr/local/texlive/2026/texmf-dist/tex/generic/pgfplots/liststructure/pgfplotsdeque.code.tex) (/usr/local/texlive/2026/texmf-dist/tex/generic/pgfplots/util/pgfplotsbinary.code.tex (/usr/local/texlive/2026/texmf-dist/tex/generic/pgfplots/util/pgfplotsbinary.data.code.tex)) (/usr/local/texlive/2026/texmf-dist/tex/generic/pgfplots/util/pgfplotsutil.verb.code.tex) (/usr/local/texlive/2026/texmf-dist/tex/generic/pgfplots/libs/pgflibrarypgfplots.surfshading.code.tex
\c@pgfplotslibrarysurf@no=\count514
 (/usr/local/texlive/2026/texmf-dist/tex/generic/pgfplots/sys/pgflibrarypgfplots.surfshading.pgfsys-luatex.def))) (/usr/local/texlive/2026/texmf-dist/tex/generic/pgfplots/util/pgfplotscolormap.code.tex (/usr/local/texlive/2026/texmf-dist/tex/generic/pgfplots/util/pgfplotscolor.code.tex)) (/usr/local/texlive/2026/texmf-dist/tex/generic/pgfplots/pgfplotsstackedplots.code.tex) (/usr/local/texlive/2026/texmf-dist/tex/generic/pgfplots/pgfplotsplothandlers.code.tex (/usr/local/texlive/2026/texmf-dist/tex/generic/pgfplots/pgfplotsmeshplothandler.code.tex (/usr/local/texlive/2026/texmf-dist/tex/generic/pgfplots/pgfplotsmeshplotimage.code.tex))) (/usr/local/texlive/2026/texmf-dist/tex/generic/pgfplots/pgfplots.scaling.code.tex) (/usr/local/texlive/2026/texmf-dist/tex/generic/pgfplots/pgfplotscoordprocessing.code.tex) (/usr/local/texlive/2026/texmf-dist/tex/generic/pgfplots/pgfplots.errorbars.code.tex) (/usr/local/texlive/2026/texmf-dist/tex/generic/pgfplots/pgfplots.markers.code.tex) (/usr/local/texlive/2026/texmf-dist/tex/generic/pgfplots/pgfplotsticks.code.tex) (/usr/local/texlive/2026/texmf-dist/tex/generic/pgfplots/pgfplots.paths.code.tex) (/usr/local/texlive/2026/texmf-dist/tex/generic/pgf/frontendlayer/tikz/libraries/tikzlibrarydecorations.code.tex (/usr/local/texlive/2026/texmf-dist/tex/generic/pgf/modules/pgfmoduledecorations.code.tex
\pgfdecoratedcompleteddistance=\dimen342
\pgfdecoratedremainingdistance=\dimen343
\pgfdecoratedinputsegmentcompleteddistance=\dimen344
\pgfdecoratedinputsegmentremainingdistance=\dimen345
\pgf@decorate@distancetomove=\dimen346
\pgf@decorate@repeatstate=\count515
\pgfdecorationsegmentamplitude=\dimen347
\pgfdecorationsegmentlength=\dimen348
)
\tikz@lib@dec@box=\box96
) (/usr/local/texlive/2026/texmf-dist/tex/generic/pgf/frontendlayer/tikz/libraries/tikzlibrarydecorations.pathmorphing.code.tex (/usr/local/texlive/2026/texmf-dist/tex/generic/pgf/libraries/decorations/pgflibrarydecorations.pathmorphing.code.tex)) (/usr/local/texlive/2026/texmf-dist/tex/generic/pgf/frontendlayer/tikz/libraries/tikzlibrarydecorations.pathreplacing.code.tex
(/usr/local/texlive/2026/texmf-dist/tex/generic/pgf/libraries/decorations/pgflibrarydecorations.pathreplacing.code.tex)) (/usr/local/texlive/2026/texmf-dist/tex/generic/pgfplots/libs/tikzlibrarypgfplots.contourlua.code.tex)
\pgfplots@numplots=\count516
\pgfplots@xmin@reg=\dimen349
\pgfplots@xmax@reg=\dimen350
\pgfplots@ymin@reg=\dimen351
\pgfplots@ymax@reg=\dimen352
\pgfplots@zmin@reg=\dimen353
\pgfplots@zmax@reg=\dimen354
) (/usr/local/texlive/2026/texmf-dist/tex/generic/pgf/frontendlayer/tikz/libraries/tikzlibraryplotmarks.code.tex
File: tikzlibraryplotmarks.code.tex 2025-08-29 v3.1.11a (3.1.11a)
 (/usr/local/texlive/2026/texmf-dist/tex/generic/pgf/libraries/pgflibraryplotmarks.code.tex
File: pgflibraryplotmarks.code.tex 2025-08-29 v3.1.11a (3.1.11a)
)))) (/usr/local/texlive/2026/texmf-dist/tex/latex/blindtext/blindtext.sty
Package: blindtext 2012/01/06 V2.0 blindtext-Package
\c@blindtext=\count517
\c@Blindtext=\count518
\c@blind@countparstart=\count519
\blind@countxx=\count520
\blindtext@numBlindtext=\count521
\blind@countyy=\count522
\c@blindlist=\count523
\c@blindlistlevel=\count524
\c@blindlist@level=\count525
\blind@listitem=\count526
\c@blind@listcount=\count527
\c@blind@levelcount=\count528
\blind@mathformula=\count529
\blind@Mathformula=\count530
\c@blind@randomcount=\count531
\c@blind@randommax=\count532
\c@blind@pangramcount=\count533
\c@blind@pangrammax=\count534
)
Package babel-german Info: Using legacy glottonyms
(babel-german)             `german' denotes pre-1996 spelling. on input line 66.
 (/usr/local/texlive/2026/texmf-dist/tex/generic/babel/locale/de/babel-german.tex
Package babel Info: Importing basic data for german
(babel)             from babel-de.ini. Reported on input line 15.
)
Package babel Info: Hyphen rules for 'german' set to \l@ngerman-x-2024-02-28
(babel)             (\language5). Reported on input line 66.
Package csquotes Info: Checking for multilingual support...
Package csquotes Info: ... found 'babel' package.
 (./student_thesis.aux
Package babel Info: 'german' activates 'german' shorthands.
(babel)             Reported on input line 13.
 (/usr/local/texlive/2026/texmf-dist/tex/generic/dehyph-exptl/dehyphn-x-2024-02-28.tex dehyph-exptl: using a TeX engine with native UTF-8 support. (/usr/local/texlive/2026/texmf-dist/tex/generic/dehyph-exptl/dehyphn-x-2024-02-28.pat German Hyphenation Patterns (Reformed Orthography, 2006) `dehyphn-x' 2024-02-28 (WL))) (./chapters/zusammenfassung.aux) (./chapters/einleitung.aux) (./chapters/theorie.aux) (./chapters/xyce.aux) (./chapters/numerik.aux) (./chapters/application.aux) (./chapters/fazit.aux))
\openout1 = student_thesis.aux

LaTeX Font Info:    Checking defaults for OML/cmm/m/it on input line 66.
LaTeX Font Info:    ... okay on input line 66.
LaTeX Font Info:    Checking defaults for OMS/cmsy/m/n on input line 66.
LaTeX Font Info:    ... okay on input line 66.
LaTeX Font Info:    Checking defaults for OT1/cmr/m/n on input line 66.
LaTeX Font Info:    ... okay on input line 66.
LaTeX Font Info:    Checking defaults for T1/cmr/m/n on input line 66.
LaTeX Font Info:    ... okay on input line 66.
LaTeX Font Info:    Checking defaults for TS1/cmr/m/n on input line 66.
LaTeX Font Info:    ... okay on input line 66.
LaTeX Font Info:    Checking defaults for TU/lmr/m/n on input line 66.
LaTeX Font Info:    ... okay on input line 66.
LaTeX Font Info:    Checking defaults for OMX/cmex/m/n on input line 66.
LaTeX Font Info:    ... okay on input line 66.
LaTeX Font Info:    Checking defaults for U/cmr/m/n on input line 66.
LaTeX Font Info:    ... okay on input line 66.
LaTeX Font Info:    Checking defaults for PD1/pdf/m/n on input line 66.
LaTeX Font Info:    ... okay on input line 66.
LaTeX Font Info:    Checking defaults for PU/pdf/m/n on input line 66.
LaTeX Font Info:    ... okay on input line 66.
Package scrbase Info: activating english \abstractname on input line 66.
Package scrbase Info: activating english \partname on input line 66.
Package scrbase Info: activating english \chaptername on input line 66.
Package scrbase Info: activating english \appendixname on input line 66.
Package scrbase Info: activating english \figurename on input line 66.
Package scrbase Info: activating english \tablename on input line 66.
Package scrbase Info: activating english \contentsname on input line 66.
Package scrbase Info: activating english \listfigurename on input line 66.
Package scrbase Info: activating english \listtablename on input line 66.
Package scrbase Info: activating english \bibname on input line 66.
Package scrbase Info: activating english \indexname on input line 66.

Package fontspec Info: 
(fontspec)             Adjusting the maths setup (use [no-math] to avoid
(fontspec)             this).

\symlegacymaths=\mathgroup6
LaTeX Font Info:    Overwriting symbol font `legacymaths' in version `bold'
(Font)                  OT1/cmr/m/n --> OT1/cmr/bx/n on input line 66.
LaTeX Font Info:    Redeclaring math accent \acute on input line 66.
LaTeX Font Info:    Redeclaring math accent \grave on input line 66.
LaTeX Font Info:    Redeclaring math accent \ddot on input line 66.
LaTeX Font Info:    Redeclaring math accent \tilde on input line 66.
LaTeX Font Info:    Redeclaring math accent \bar on input line 66.
LaTeX Font Info:    Redeclaring math accent \breve on input line 66.
LaTeX Font Info:    Redeclaring math accent \check on input line 66.
LaTeX Font Info:    Redeclaring math accent \hat on input line 66.
LaTeX Font Info:    Redeclaring math accent \dot on input line 66.
LaTeX Font Info:    Redeclaring math accent \mathring on input line 66.
LaTeX Font Info:    Redeclaring math symbol \Gamma on input line 66.
LaTeX Font Info:    Redeclaring math symbol \Delta on input line 66.
LaTeX Font Info:    Redeclaring math symbol \Theta on input line 66.
LaTeX Font Info:    Redeclaring math symbol \Lambda on input line 66.
LaTeX Font Info:    Redeclaring math symbol \Xi on input line 66.
LaTeX Font Info:    Redeclaring math symbol \Pi on input line 66.
LaTeX Font Info:    Redeclaring math symbol \Sigma on input line 66.
LaTeX Font Info:    Redeclaring math symbol \Upsilon on input line 66.
LaTeX Font Info:    Redeclaring math symbol \Phi on input line 66.
LaTeX Font Info:    Redeclaring math symbol \Psi on input line 66.
LaTeX Font Info:    Redeclaring math symbol \Omega on input line 66.
LaTeX Font Info:    Redeclaring math symbol \mathdollar on input line 66.
LaTeX Font Info:    Redeclaring symbol font `operators' on input line 66.
LaTeX Font Info:    Encoding `OT1' has changed to `TU' for symbol font
(Font)              `operators' in the math version `normal' on input line 66.
LaTeX Font Info:    Overwriting symbol font `operators' in version `normal'
(Font)                  OT1/cmr/m/n --> TU/XCharter(0)/m/n on input line 66.
LaTeX Font Info:    Encoding `OT1' has changed to `TU' for symbol font
(Font)              `operators' in the math version `bold' on input line 66.
LaTeX Font Info:    Overwriting symbol font `operators' in version `bold'
(Font)                  OT1/cmr/bx/n --> TU/XCharter(0)/m/n on input line 66.
LaTeX Font Info:    Overwriting symbol font `operators' in version `normal'
(Font)                  TU/XCharter(0)/m/n --> TU/XCharter(0)/m/n on input line 66.
LaTeX Font Info:    Overwriting math alphabet `\mathit' in version `normal'
(Font)                  OT1/cmr/m/it --> TU/XCharter(0)/m/it on input line 66.
LaTeX Font Info:    Overwriting math alphabet `\mathbf' in version `normal'
(Font)                  OT1/cmr/bx/n --> TU/XCharter(0)/b/n on input line 66.
LaTeX Font Info:    Overwriting math alphabet `\mathsf' in version `normal'
(Font)                  OT1/cmss/m/n --> TU/Roboto(0)/m/n on input line 66.
LaTeX Font Info:    Overwriting math alphabet `\mathtt' in version `normal'
(Font)                  OT1/cmtt/m/n --> TU/RobotoMono(0)/m/n on input line 66.
LaTeX Font Info:    Overwriting symbol font `operators' in version `bold'
(Font)                  TU/XCharter(0)/m/n --> TU/XCharter(0)/b/n on input line 66.
LaTeX Font Info:    Overwriting math alphabet `\mathit' in version `bold'
(Font)                  OT1/cmr/bx/it --> TU/XCharter(0)/b/it on input line 66.
LaTeX Font Info:    Overwriting math alphabet `\mathsf' in version `bold'
(Font)                  OT1/cmss/bx/n --> TU/Roboto(0)/b/n on input line 66.
LaTeX Font Info:    Overwriting math alphabet `\mathtt' in version `bold'
(Font)                  OT1/cmtt/m/n --> TU/RobotoMono(0)/b/n on input line 66.
 (/usr/local/texlive/2026/texmf-dist/tex/context/base/mkii/supp-pdf.mkii
[Loading MPS to PDF converter (version 2006.09.02).]
\scratchcounter=\count535
\scratchdimen=\dimen355
\scratchbox=\box97
\nofMPsegments=\count536
\nofMParguments=\count537
\everyMPshowfont=\toks49
\MPscratchCnt=\count538
\MPscratchDim=\dimen356
\MPnumerator=\count539
\makeMPintoPDFobject=\count540
\everyMPtoPDFconversion=\toks50
) (/usr/local/texlive/2026/texmf-dist/tex/latex/epstopdf-pkg/epstopdf-base.sty
Package: epstopdf-base 2020-01-24 v2.11 Base part for package epstopdf
Package epstopdf-base Info: Redefining graphics rule for `.eps' on input line 485.
 (/usr/local/texlive/2026/texmf-dist/tex/latex/latexconfig/epstopdf-sys.cfg
File: epstopdf-sys.cfg 2010/07/13 v1.3 Configuration of (r)epstopdf for TeX Live
))
Package hyperref Info: Link coloring OFF on input line 66.

*geometry* driver: auto-detecting
*geometry* detected driver: luatex
*geometry* verbose mode - [ preamble ] result:
* driver: luatex
* paper: a4paper
* layout: <same size as paper>
* layoutoffset:(h,v)=(0.0pt,0.0pt)
* modes: includehead includefoot includemp twoside 
* h-part:(L,W,R)=(42.67912pt, 512.14963pt, 42.67912pt)
* v-part:(T,H,B)=(42.67912pt, 745.46222pt, 56.9055pt)
* \paperwidth=597.50787pt
* \paperheight=845.04684pt
* \textwidth=502.14963pt
* \textheight=643.89775pt
* \oddsidemargin=-29.59087pt
* \evensidemargin=-19.59087pt
* \topmargin=-29.59087pt
* \headheight=33.56445pt
* \headsep=20.40001pt
* \topskip=11.0pt
* \footskip=47.6pt
* \marginparwidth=0.0pt
* \marginparsep=10.0pt
* \columnsep=10.0pt
* \skip\footins=10.0pt plus 4.0pt minus 2.0pt
* \hoffset=0.0pt
* \voffset=0.0pt
* \mag=1000
* \@twocolumnfalse
* \@twosidetrue
* \@mparswitchtrue
* \@reversemarginfalse
* (1in=72.27pt=25.4mm, 1cm=28.453pt)

\ptxcd_headrule_box=\box98
Package babel Info: 'english' activates 'german' shorthands.
(babel)             Reported on input line 66.
Package scrbase Info: activating english \ptxcd_byname on input line 66.
Package scrbase Info: activating english \ptxcd_fromname on input line 66.
Package scrbase Info: activating english \ptxcd_departmentprefix: on input line 66.
Package scrbase Info: activating english \ptxcd_reviewname on input line 66.
Package scrbase Info: activating english \ptxcd_examdatename on input line 66.
Package scrbase Info: activating english \ptxcd_submissiondatename on input line 66.
Package scrbase Info: activating english \ptxcd_studentIDname on input line 66.
Package scrbase Info: activating english \ptxcd_thesisType on input line 66.
Package scrbase Info: activating english \g__ptxcd_cc_attr_by: on input line 66.
Package scrbase Info: activating english \g__ptxcd_cc_attr_nc: on input line 66.
Package scrbase Info: activating english \g__ptxcd_cc_attr_sa: on input line 66.
Package scrbase Info: activating english \g__ptxcd_cc_attr_nd: on input line 66.
Package scrbase Info: activating english \g__ptxcd_cc_intro: on input line 66.
Package scrbase Info: activating english \g__ptxcd_cc_sep: on input line 66.
Package scrbase Info: activating english \researchgroupname on input line 66.
Package scrbase Info: activating english \institutename on input line 66.
Package scrbase Info: activating english \authorandname on input line 66.
Package scrbase Info: activating english \ptxcd_datename on input line 66.
LaTeX Info: Redefining \microtypecontext on input line 66.
Package microtype Info: Applying patch `item' on input line 66.
Package microtype Info: Applying patch `toc' on input line 66.
Package microtype Info: Applying patch `eqnum' on input line 66.
Package microtype Info: Applying patch `footnote' on input line 66.
Package microtype Info: Applying patch `verbatim' on input line 66.
LaTeX Info: Redefining \microtypesetup on input line 66.
Package microtype Info: Generating PDF output.
Package microtype Info: Character protrusion enabled (level 2).
Package microtype Info: Using default protrusion set `alltext'.
Package microtype Info: Automatic font expansion enabled (level 2),
(microtype)             stretch: 20, shrink: 20, step: 1, non-selected.
Package microtype Info: Using default expansion set `alltext-nott'.
Package microtype Info: Patching command `\showhyphens'.
Package microtype Info: No adjustment of tracking.
Package microtype Info: No adjustment of spacing.
Package microtype Info: No adjustment of kerning.
Package microtype Info: Loading generic protrusion settings for font family
(microtype)             `XCharter' (encoding: TU).
(microtype)             For optimal results, create family-specific settings.
(microtype)             See the microtype manual for details.
Package biblatex Info: Trying to load language 'english'...
Package biblatex Info: ... file 'english.lbx' found.
(/usr/local/texlive/2026/texmf-dist/tex/latex/biblatex/lbx/english.lbx
File: english.lbx 2025/07/10 v3.21 biblatex localization (PK/MW)
)
Package biblatex Info: Trying to load language 'german'...
Package biblatex Info: ... file 'german.lbx' found.
 (/usr/local/texlive/2026/texmf-dist/tex/latex/biblatex/lbx/german.lbx
File: german.lbx 2025/07/10 v3.21 biblatex localization (PK/MW)
)
Package biblatex Info: LuaTeX detected.
(biblatex)             Assuming input encoding 'utf8'.
Package biblatex Info: Automatic encoding selection.
(biblatex)             Assuming data encoding 'utf8'.

\openout3 = student_thesis.bcf
Package biblatex Info: Trying to load bibliographic data...
Package biblatex Info: ... file 'student_thesis.bbl' found.
 (./student_thesis.bbl)
Package biblatex Info: Reference section=0 on input line 66.
Package biblatex Info: Reference segment=0 on input line 66.
 (/usr/local/texlive/2026/texmf-dist/tex/latex/translations/translations-basic-dictionary-english.trsl
File: translations-basic-dictionary-english.trsl (english translation file `translations-basic-dictionary')
)
Package translations Info: loading dictionary `translations-basic-dictionary' for `english'. on input line 66.
 (/usr/local/texlive/2026/texmf-dist/tex/latex/translations/translations-basic-dictionary-german.trsl
File: translations-basic-dictionary-german.trsl (german translation file `translations-basic-dictionary')
)
Package translations Info: loading dictionary `translations-basic-dictionary' for `german'. on input line 66.


Package pgfplots Warning: running in backwards compatibility mode (unsuitable tick labels; missing features). Consider writing \pgfplotsset{compat=1.18} into your preamble.
 on input line 66.

\g__cctab_next_cctab=\catcodetable18

Package tudapub/thesis Info: You submitted examdate data for title
(tudapub/thesis)             information.
(tudapub/thesis)             This field is only used for type=dr/drfinal.
(tudapub/thesis)             It will be ignored.

Package scrbase Info: activating english \ptxcd_department: on input line 88.
Package scrbase Info: activating english \departmentname on input line 88.
Package scrbase Info: activating english \departmentfullname on input line 88.
Package scrbase Info: activating english \ptxcd_departmentprefix: on input line 88.
Package scrbase Info: activating english \ptxcd_in_department on input line 88.
LaTeX Font Info:    Font shape `TU/Roboto(0)/m/n' will be
(Font)              scaled to size 10.95pt on input line 88.
Package microtype Info: Loading generic protrusion settings for font family
(microtype)             `Roboto' (encoding: TU).
(microtype)             For optimal results, create family-specific settings.
(microtype)             See the microtype manual for details.
LaTeX Font Info:    Font shape `TU/Roboto(0)/b/n' will be
(Font)              scaled to size 10.95pt on input line 88.
LaTeX Font Info:    Font shape `TU/Roboto(0)/b/n' will be
(Font)              scaled to size 36.0pt on input line 88.
LaTeX Font Info:    Font shape `TU/Roboto(9)/m/n' will be
(Font)              scaled to size 10.95pt on input line 88.
LaTeX Font Info:    Font shape `TU/Roboto(9)/m/n' will be
(Font)              scaled to size 12.0pt on input line 88.
LaTeX Font Info:    Font shape `TU/Roboto(9)/b/n' will be
(Font)              scaled to size 12.0pt on input line 88.
<tuda_logo.pdf, id=7, 156.48964pt x 62.59586pt>
File: tuda_logo.pdf Graphic file (type pdf)
<use tuda_logo.pdf>
Package luatex.def Info: tuda_logo.pdf  used on input line 88.
(luatex.def)             Requested size: 156.49402pt x 62.59605pt.
LaTeX Font Info:    Trying to load font information for U+msa on input line 88.
(/usr/local/texlive/2026/texmf-dist/tex/latex/amsfonts/umsa.fd
File: umsa.fd 2013/01/14 v3.01 AMS symbols A
) (/usr/local/texlive/2026/texmf-dist/tex/latex/microtype/mt-msa.cfg
File: mt-msa.cfg 2006/02/04 v1.1 microtype config. file: AMS symbols (a) (RS)
)
LaTeX Font Info:    Trying to load font information for U+msb on input line 88.
 (/usr/local/texlive/2026/texmf-dist/tex/latex/amsfonts/umsb.fd
File: umsb.fd 2013/01/14 v3.01 AMS symbols B
) (/usr/local/texlive/2026/texmf-dist/tex/latex/microtype/mt-msb.cfg
File: mt-msb.cfg 2005/06/01 v1.0 microtype config. file: AMS symbols (b) (RS)
) (/usr/local/texlive/2026/texmf-dist/tex/latex/microtype/mt-cmr.cfg
File: mt-cmr.cfg 2013/05/19 v2.2 microtype config. file: Computer Modern Roman (RS)
)
LaTeX Font Info:    Font shape `TU/Roboto(0)/m/n' will be
(Font)              scaled to size 10.0pt on input line 88.
<images/ce_logo_black.pdf, id=8, 463.50967pt x 427.13577pt>
File: images/ce_logo_black.pdf Graphic file (type pdf)
<use images/ce_logo_black.pdf>
Package luatex.def Info: images/ce_logo_black.pdf  used on input line 88.
(luatex.def)             Requested size: 110.87926pt x 102.17577pt.
 [1{/usr/local/texlive/2026/texmf-var/fonts/map/pdftex/updmap/pdftex.map}








</Users/philipsimon/Library/texmf/tex/latex/tuda-ci-logos/tuda_logo.pdf><./images/ce_logo_black.pdf>]

Package fontspec Info: 
(fontspec)             Font family 'XCharter(1)' created for font 'XCharter'
(fontspec)             with options [Ligatures=TeX,Extension =
(fontspec)             .otf,UprightFont = XCharter-Roman,BoldFont =
(fontspec)             XCharter-Bold,ItalicFont =
(fontspec)             XCharter-Italic,BoldItalicFont =
(fontspec)             XCharter-BoldItalic,SlantedFont =
(fontspec)             XCharter-Slanted,BoldSlantedFont =
(fontspec)             XCharter-BoldSlanted,SmallCapsFeatures =
(fontspec)             {Letters=SmallCaps},Numbers=Lining].
(fontspec)              
(fontspec)              This font family consists of the following NFSS
(fontspec)             series/shapes:
(fontspec)              
(fontspec)             - 'normal' (m/n) with NFSS spec.:
(fontspec)             <->"[XCharter-Roman.otf]:mode=node;script=latn;language=dflt;+tlig;+lnum;"
(fontspec)             - 'small caps'  (m/sc) with NFSS spec.:
(fontspec)             <->"[XCharter-Roman.otf]:mode=node;script=latn;language=dflt;+tlig;+lnum;+smcp;"
(fontspec)             - 'bold' (b/n) with NFSS spec.:
(fontspec)             <->"[XCharter-Bold.otf]:mode=node;script=latn;language=dflt;+tlig;+lnum;"
(fontspec)             - 'bold small caps'  (b/sc) with NFSS spec.:
(fontspec)             <->"[XCharter-Bold.otf]:mode=node;script=latn;language=dflt;+tlig;+lnum;+smcp;"
(fontspec)             - 'italic' (m/it) with NFSS spec.:
(fontspec)             <->"[XCharter-Italic.otf]:mode=node;script=latn;language=dflt;+tlig;+lnum;"
(fontspec)             - 'italic small caps'  (m/scit) with NFSS spec.:
(fontspec)             <->"[XCharter-Italic.otf]:mode=node;script=latn;language=dflt;+tlig;+lnum;+smcp;"
(fontspec)             - 'slanted' (m/sl) with NFSS spec.:
(fontspec)             <->"[XCharter-Slanted.otf]:mode=node;script=latn;language=dflt;+tlig;+lnum;"
(fontspec)             - 'slanted small caps'  (m/scsl) with NFSS spec.:
(fontspec)             <->"[XCharter-Slanted.otf]:mode=node;script=latn;language=dflt;+tlig;+lnum;+smcp;"
(fontspec)             - 'bold italic' (b/it) with NFSS spec.:
(fontspec)             <->"[XCharter-BoldItalic.otf]:mode=node;script=latn;language=dflt;+tlig;+lnum;"
(fontspec)             - 'bold italic small caps'  (b/scit) with NFSS spec.:
(fontspec)             <->"[XCharter-BoldItalic.otf]:mode=node;script=latn;language=dflt;+tlig;+lnum;+smcp;"
(fontspec)             - 'bold slanted' (b/sl) with NFSS spec.:
(fontspec)             <->"[XCharter-BoldSlanted.otf]:mode=node;script=latn;language=dflt;+tlig;+lnum;"
(fontspec)             - 'bold slanted small caps'  (b/scsl) with NFSS spec.:
(fontspec)             <->"[XCharter-BoldSlanted.otf]:mode=node;script=latn;language=dflt;+tlig;+lnum;+smcp;"

 [2

]
LaTeX Font Info:    Font shape `TU/Roboto(0)/b/n' will be
(Font)              scaled to size 12.0pt on input line 91.
 [1




]
\openout2 = chapters/zusammenfassung.aux
 (./chapters/zusammenfassung.tex
LaTeX Font Info:    Font shape `TU/Roboto(0)/b/n' will be
(Font)              scaled to size 14.4pt on input line 3.
)
warning  (pdf backend): ignoring duplicate destination with the name 'page.'
[2


]
LaTeX Font Info:    Font shape `TU/Roboto(0)/b/n' will be
(Font)              scaled to size 20.74pt on input line 101.
Package tocbasic Info: character protrusion at toc deactivated on input line 101.
 (./student_thesis.toc)
\tf@toc=\write5

\openout5 = student_thesis.toc

warning  (pdf backend): ignoring duplicate destination with the name 'page.'
[3





]
warning  (pdf backend): ignoring duplicate destination with the name 'page.'
[4


]
\openout2 = chapters/einleitung.aux
 (./chapters/einleitung.tex
chapter 1.

LaTeX Warning: Reference `sec:coupling-scheme' on page 1 undefined on input line 32.


warning  (pdf backend): ignoring duplicate destination with the name 'page.1'
[1


]
warning  (pdf backend): ignoring duplicate destination with the name 'page.2'
[2]) [3]
\openout2 = chapters/theorie.aux
 (./chapters/theorie.tex
chapter 2.
[4




] [5]) [6]
\openout2 = chapters/xyce.aux
 (./chapters/xyce.tex
chapter 3.
) [7




]
\openout2 = chapters/numerik.aux
 (./chapters/numerik.tex
chapter 4.
) [8




]
\openout2 = chapters/application.aux
 (./chapters/application.tex
chapter 5.
) [9




]
\openout2 = chapters/fazit.aux
 (./chapters/fazit.tex
chapter 6.
) [10




]
Package tocbasic Info: character protrusion at lof deactivated on input line 128.
 (./student_thesis.lof)
\tf@lof=\write6

\openout6 = student_thesis.lof
 [11



]
Package tocbasic Info: character protrusion at lot deactivated on input line 129.
 (./student_thesis.lot)
\tf@lot=\write7

\openout7 = student_thesis.lot
 [12

]
LaTeX Font Info:    Font shape `TU/RobotoMono(0)/m/n' will be
(Font)              scaled to size 10.95pt on input line 134.
Package microtype Info: Loading generic protrusion settings for font family
(microtype)             `RobotoMono' (encoding: TU).
(microtype)             For optimal results, create family-specific settings.
(microtype)             See the microtype manual for details.
 [13

]

Package tudapub Warning: You did not provide a Label for key introduction.
(tudapub)                Either you need to recompile your document or add a
(tudapub)                label using \IMRADlabel.


Package tudapub Warning: You did not provide a Label for key methods.
(tudapub)                Either you need to recompile your document or add a
(tudapub)                label using \IMRADlabel.


Package tudapub Warning: You did not provide a Label for key results.
(tudapub)                Either you need to recompile your document or add a
(tudapub)                label using \IMRADlabel.


Package tudapub Warning: You did not provide a Label for key discussion.
(tudapub)                Either you need to recompile your document or add a
(tudapub)                label using \IMRADlabel.

[14] (./student_thesis.aux (./chapters/zusammenfassung.aux) (./chapters/einleitung.aux) (./chapters/theorie.aux) (./chapters/xyce.aux) (./chapters/numerik.aux) (./chapters/application.aux) (./chapters/fazit.aux))
 ***********
LaTeX2e <2025-11-01>
L3 programming layer <2026-01-19>
 ***********


LaTeX Warning: There were undefined references.

Package logreq Info: Writing requests to 'student_thesis.run.xml'.

\openout1 = student_thesis.run.xml
)

Here is how much of LuaTeX's memory you used:
 60185 strings out of 476076
 125007,2848258 words of node,token memory allocated
 7101 words of node memory still in use:
   86 hlist, 9 vlist, 15 rule, 38 disc, 20 local_par, 6 math, 162 glue, 25 kern, 33 penalty, 3 margin_kern, 348 glyph, 331 attribute, 95 glue_spec, 171 attribute_list, 2 write, 6 pdf_action, 30 pdf_colorstack, 2 pdf_setmatrix, 2 pdf_save, 2 pdf_restore nodes
   avail lists: 1:7,2:1923,3:579,4:144,5:1345,6:129,7:9851,8:96,9:760,10:24,11:760,12:2
 81172 multiletter control sequences out of 65536+600000
 143 fonts using 20166079 bytes
 122i,21n,135p,11269b,2170s stack positions out of 10000i,1000n,20000p,200000b,200000s
</usr/local/texlive/2026/texmf-dist/fonts/opentype/google/roboto/RobotoMono-Regular.otf></usr/local/texlive/2026/texmf-dist/fonts/opentype/public/xcharter/XCharter-Bold.otf></usr/local/texlive/2026/texmf-dist/fonts/opentype/public/xcharter/XCharter-Italic.otf></usr/local/texlive/2026/texmf-dist/fonts/opentype/public/xcharter/XCharter-Roman.otf></usr/local/texlive/2026/texmf-dist/fonts/opentype/google/roboto/Roboto-Bold.otf></usr/local/texlive/2026/texmf-dist/fonts/opentype/google/roboto/Roboto-Regular.otf></usr/local/texlive/2026/texmf-dist/fonts/type1/public/amsfonts/cm/cmex10.pfb></usr/local/texlive/2026/texmf-dist/fonts/type1/public/amsfonts/cm/cmmi10.pfb></usr/local/texlive/2026/texmf-dist/fonts/type1/public/amsfonts/cm/cmmi8.pfb></usr/local/texlive/2026/texmf-dist/fonts/type1/public/amsfonts/cm/cmr10.pfb></usr/local/texlive/2026/texmf-dist/fonts/type1/public/amsfonts/cm/cmr8.pfb></usr/local/texlive/2026/texmf-dist/fonts/type1/public/amsfonts/cm/cmsy10.pfb></usr/local/texlive/2026/texmf-dist/fonts/type1/public/amsfonts/cm/cmsy8.pfb>
Output written on student_thesis.pdf (20 pages, 694947 bytes).

PDF statistics: 384 PDF objects out of 1000 (max. 8388607)
 327 compressed objects within 4 object streams
 67 named destinations out of 1000 (max. 1048576)
 176 words of extra memory for PDF output out of 10000 (max. 100000000)

